"job_id";"company_id";"company";"job_title";"candidate_id";"candidate_name";"number_of_candidates";"diff_level";"level_norm2";"diff_ts_level";"ts_level_norm2";"diff_experience_time";"experience_time_norm2";"abs_diff_salary";"abs_diff_salary_norm2";"favourite_company";"favourite_company_norm2";"testimonial_norm2";"compatibility2";"cut_off_100pct";"is_candidate_overqualified";"compatibility";"compatibility_norm";"compatibility_score"
"030852bc-9029-45a8-979c-111c880ee5f6";bfcc4408-e96d-4a08-a9b0-27adbadbc735;Microsoft;DevOps;"71de7fd4-63a9-49b9-ba2e-d9f83735727b";Dr. Davi Luiz Duarte;1;-1.0;0.0;-2.0000000000000000;0;0.00000000000000000000;0;558.0;0.0;0.00000000000000000000;0.00000000000000000000;0.8461538461538461;0.8461538461538461;;0;0.8461538461538461;0.0;0.0
"05c7c1c7-b3bc-4c12-9846-b8e29ed2302f";d14cbcaf-efc5-43e8-8af4-697f81a067c5;Toyota Motor;Engenheiro de Big Data;"526df4e1-186c-45f7-865e-ca9dae787868";Candidato 100%;7;0.0;0.6;-0.75000000000000000000;0.54000000000000000000;-0.25000000000000000000;0.58000000000000000000;0.0;1.0;0.00000000000000000000;0.00000000000000000000;0.6153846153846154;3.3353846153846156;3.3353846153846156;0;3.3353846153846156;100.0;100.0
"05c7c1c7-b3bc-4c12-9846-b8e29ed2302f";d14cbcaf-efc5-43e8-8af4-697f81a067c5;Toyota Motor;Engenheiro de Big Data;"590be792-20b5-4923-b68a-b6c3fd49f6cf";Vitor Novaes;7;-4.0;0.28;5.0000000000000000;1.00000000000000000000;-2.0000000000000000;0.44000000000000000000;488.0;0.8764556962025316;0.00000000000000000000;0.00000000000000000000;0.4358974358974359;3.032353132099968;3.3353846153846156;0;3.032353132099968;91.0;91.0
"05c7c1c7-b3bc-4c12-9846-b8e29ed2302f";d14cbcaf-efc5-43e8-8af4-697f81a067c5;Toyota Motor;Engenheiro de Big Data;"597a667d-8489-4ee0-8969-60f4a599a84f";Candidato 150%;7;5.0;1.0;5;1.00000000000000000000;5;1.00000000000000000000;2633.0;0.3334177215189873;0;0.00000000000000000000;1.0;4.3334177215189875;3.3353846153846156;1;0.0;0.0;130.0
"05c7c1c7-b3bc-4c12-9846-b8e29ed2302f";d14cbcaf-efc5-43e8-8af4-697f81a067c5;Toyota Motor;Engenheiro de Big Data;"71fd8748-86dc-491c-87f7-357f32cd77f1";Luiz Felipe Fogaça;7;-4.0;0.28;-2.5000000000000000;0.40000000000000000000;1.00000000000000000000;0.68000000000000000000;506.0;0.8718987341772152;0.00000000000000000000;0.00000000000000000000;0.46153846153846156;2.693437195715677;3.3353846153846156;0;2.693437195715677;81.0;81.0
"05c7c1c7-b3bc-4c12-9846-b8e29ed2302f";d14cbcaf-efc5-43e8-8af4-697f81a067c5;Toyota Motor;Engenheiro de Big Data;e487ba44-7b6b-4aa9-9002-0d55f3dd31fe;Candidato 25%;7;-7.5;0.0;-7.5;0.00000000000000000000;-7.5;0.00000000000000000000;3950.0;0.0;0;0.00000000000000000000;0.0;0.0;3.3353846153846156;0;0.0;0.0;0.0
"05c7c1c7-b3bc-4c12-9846-b8e29ed2302f";d14cbcaf-efc5-43e8-8af4-697f81a067c5;Toyota Motor;Engenheiro de Big Data;e5c4ff35-3683-4bf1-a495-361126f0ccbc;Candidato 50%;7;-5.0;0.2;-5;0.20000000000000000000;-5;0.20000000000000000000;2633.0;0.3334177215189873;0;0.00000000000000000000;0.23076923076923078;1.1641869522882182;3.3353846153846156;0;1.1641869522882182;35.0;35.0
"05c7c1c7-b3bc-4c12-9846-b8e29ed2302f";d14cbcaf-efc5-43e8-8af4-697f81a067c5;Toyota Motor;Engenheiro de Big Data;fee530fc-2b22-4dcd-a983-437d734cfaef;Candidato 75%;7;-2.5;0.4;-2.5;0.40000000000000000000;-2.5;0.40000000000000000000;1316.0;0.6668354430379747;0;0.00000000000000000000;0.38461538461538464;2.2514508276533594;3.3353846153846156;0;2.2514508276533594;68.0;68.0
"063aa608-2cc3-4fb0-abec-25a8bfbb93ec";"8f99c155-0bed-4e69-aaf4-90e42b9a2b4f";Apple;Programador JAVASCRIPT;"651f0d0a-24eb-4607-9c36-48b4add211a2";Vitor Gonçalves;1;5.0;0.0;-2.0000000000000000;0;1.00000000000000000000;0;454.0;0.0;0.00000000000000000000;0.00000000000000000000;0.5961538461538461;0.5961538461538461;;0;0.5961538461538461;0.0;0.0
"0a34cca6-642d-40ed-b6c2-024a18d9780d";"4770de8e-37bb-4488-9389-7614d1cf074e";Samsung;Data Scientist;"10e21a11-ff78-48e9-894a-e97b32f63b9a";Bruno Silva;1;0.0;0.0;-3.0000000000000000;0;3.0000000000000000;0;552.0;0.0;0.00000000000000000000;0.00000000000000000000;0.0;0.0;;0;0.0;0.0;0.0
"0c27c83d-80db-40ca-bd23-a0d1ec9f5e1d";d14cbcaf-efc5-43e8-8af4-697f81a067c5;Toyota Motor;Software Engineer;"681247bb-ae9b-4adf-868b-738c21130333";Dr. Antônio Carvalho;1;-1.0;0.0;1.00000000000000000000;0;0.00000000000000000000;0;533.0;0.0;1.00000000000000000000;1.00000000000000000000;0.39743589743589747;1.3974358974358974;;0;1.3974358974358974;0.0;0.0
"0f4a1f04-1aa8-4691-8d1e-8cd5c96b989f";e4fe53b9-7577-41cd-b32b-a0ef5acb2e16;Johnson & Johnson;Database Administrator;"2228327b-b752-44c0-ad57-30893720525e";João Silveira;4;2.0;0.0;-5.0000000000000000;0.00000000000000000000;-3.0000000000000000;0.66666666666666666667;544.0;1.0;0.00000000000000000000;0.00000000000000000000;0.5076923076923077;2.174358974358974;;0;2.174358974358974;75.0;75.0
"0f4a1f04-1aa8-4691-8d1e-8cd5c96b989f";e4fe53b9-7577-41cd-b32b-a0ef5acb2e16;Johnson & Johnson;Database Administrator;"38d503b5-e663-408a-a942-affcd8c86363";Noah Freitas;4;2.0;0.0;-0.50000000000000000000;0.64285714285714285714;-1.5000000000000000;1.00000000000000000000;551.0;0.36363636363636365;0.00000000000000000000;0.00000000000000000000;0.6153846153846154;2.621878121878122;;0;2.621878121878122;100.0;100.0
"0f4a1f04-1aa8-4691-8d1e-8cd5c96b989f";e4fe53b9-7577-41cd-b32b-a0ef5acb2e16;Johnson & Johnson;Database Administrator;"73e524a4-9a2e-491e-9903-9b0a9220f741";Enrico Ramos;4;2.0;0.0;2.0000000000000000;1.00000000000000000000;-2.0000000000000000;0.88888888888888888889;554.0;0.09090909090909094;0.00000000000000000000;0.00000000000000000000;0.5;2.4797979797979797;;0;2.4797979797979797;92.0;92.0
"0f4a1f04-1aa8-4691-8d1e-8cd5c96b989f";e4fe53b9-7577-41cd-b32b-a0ef5acb2e16;Johnson & Johnson;Database Administrator;c89c9d0d-8398-44b8-8d2f-89be05621157;Bianca da Costa;4;2.0;0.0;-3.0000000000000000;0.28571428571428571429;-6.0000000000000000;0.00000000000000000000;555.0;0.0;0.00000000000000000000;0.00000000000000000000;0.5384615384615384;0.8241758241758241;;0;0.8241758241758241;0.0;0.0
"1181cca6-18af-4418-a1cd-217730d164fe";"8f99c155-0bed-4e69-aaf4-90e42b9a2b4f";Apple;Machine Learning Engineer;"04be5667-f098-48bb-9eab-53312b08a991";Pietro Costa;3;0.0;0.0;0.00000000000000000000;0.88888888888888888889;4.0000000000000000;0;503.0;0.0714285714285714;0.00000000000000000000;0.00000000000000000000;0.5604395604395604;1.5207570207570207;;0;1.5207570207570207;100.0;100.0
"1181cca6-18af-4418-a1cd-217730d164fe";"8f99c155-0bed-4e69-aaf4-90e42b9a2b4f";Apple;Machine Learning Engineer;"2864aae7-aaf6-4cb9-8a56-de1c912a9e06";Enrico Rocha;3;0.0;0.0;1.00000000000000000000;1.00000000000000000000;4.0000000000000000;0;504.0;0.0;0.00000000000000000000;0.00000000000000000000;0.5;1.5;;0;1.5;96.0;96.0
"1181cca6-18af-4418-a1cd-217730d164fe";"8f99c155-0bed-4e69-aaf4-90e42b9a2b4f";Apple;Machine Learning Engineer;"6ada3bde-984e-4a9c-bff7-78428344b882";Valentina Barbosa;3;0.0;0.0;-8.0000000000000000;0.00000000000000000000;4.0000000000000000;0;490.0;1.0;0.00000000000000000000;0.00000000000000000000;0.0;1.0;;0;1.0;0.0;0.0
"11d76c4c-0ae0-47c4-84db-3572f5a995e4";"405fbbc4-280a-4ba9-9591-1f588f55317c";Coca-Cola;Database Administrator;"2228327b-b752-44c0-ad57-30893720525e";João Silveira;4;-1.0;0.0;1.00000000000000000000;0.53846153846153845799;5.0000000000000000;1.00000000000000000000;571.0;1.0;0.00000000000000000000;0.00000000000000000000;0.5076923076923077;3.046153846153846;;0;3.046153846153846;100.0;100.0
"11d76c4c-0ae0-47c4-84db-3572f5a995e4";"405fbbc4-280a-4ba9-9591-1f588f55317c";Coca-Cola;Database Administrator;"30129a6b-5c19-4efe-8319-a03907a2ded4";Clara Monteiro;4;-1.0;0.0;-1.00000000000000000000;0.07692307692307691598;1.00000000000000000000;0.00000000000000000000;573.0;0.8181818181818181;0.00000000000000000000;0.00000000000000000000;0.07692307692307693;0.9720279720279719;;0;0.9720279720279719;0.0;0.0
"11d76c4c-0ae0-47c4-84db-3572f5a995e4";"405fbbc4-280a-4ba9-9591-1f588f55317c";Coca-Cola;Database Administrator;"38d503b5-e663-408a-a942-affcd8c86363";Noah Freitas;4;-1.0;0.0;-1.3333333333333333;0.00000000000000000000;2.0000000000000000;0.25000000000000000000;578.0;0.36363636363636365;0.00000000000000000000;0.00000000000000000000;0.6153846153846154;1.2290209790209792;;0;1.2290209790209792;12.0;12.0
"11d76c4c-0ae0-47c4-84db-3572f5a995e4";"405fbbc4-280a-4ba9-9591-1f588f55317c";Coca-Cola;Database Administrator;c89c9d0d-8398-44b8-8d2f-89be05621157;Bianca da Costa;4;-1.0;0.0;3.0000000000000000;1.00000000000000000000;2.0000000000000000;0.25000000000000000000;582.0;0.0;1.00000000000000000000;1.00000000000000000000;0.5384615384615384;2.7884615384615383;;0;2.7884615384615383;88.0;88.0
"122b2960-e6a5-4cbd-aa2a-af3ead843f61";"4770de8e-37bb-4488-9389-7614d1cf074e";Samsung;Programador JAVASCRIPT;"651f0d0a-24eb-4607-9c36-48b4add211a2";Vitor Gonçalves;1;-1.0;0.0;1.00000000000000000000;0;-1.00000000000000000000;0;458.0;0.0;0.00000000000000000000;0.00000000000000000000;0.5961538461538461;0.5961538461538461;;0;0.5961538461538461;0.0;0.0
"12ec9d98-f21f-4765-b49a-3e106a8f9da8";d14cbcaf-efc5-43e8-8af4-697f81a067c5;Toyota Motor;BlockChain Engineer;de8cc760-93d4-45a6-bdad-4efe3a71f726;Antônio da Rosa;1;-1.0;0.0;-1.00000000000000000000;0;3.0000000000000000;0;528.0;0.0;0.00000000000000000000;0.00000000000000000000;0.47435897435897434;0.47435897435897434;;0;0.47435897435897434;0.0;0.0
"149c8b13-0d65-4a1f-9908-00c83f550c36";a647d37b-2089-4285-ab72-44c024e8117c;ExxonMobil;Developer Full Stack;"1e8a3f22-3c91-466f-bff9-6fa5eef300ad";Murilo Cunha;1;-6.0;0.0;-6.0000000000000000;0;-6.0000000000000000;0;547.0;0.0;0.00000000000000000000;0.00000000000000000000;0.4725274725274725;0.4725274725274725;;0;0.4725274725274725;0.0;0.0
"14e13a9c-a295-4072-8589-928cf04f47c2";a647d37b-2089-4285-ab72-44c024e8117c;ExxonMobil;Engenheiro de Big Data;"526df4e1-186c-45f7-865e-ca9dae787868";Candidato 100%;2;1.0;1.0;-2.0000000000000000;0.00000000000000000000;-2.0000000000000000;1.00000000000000000000;41.0;1.0;0.00000000000000000000;0.00000000000000000000;0.6153846153846154;3.6153846153846154;3.6153846153846154;0;3.6153846153846154;100.0;100.0
"14e13a9c-a295-4072-8589-928cf04f47c2";a647d37b-2089-4285-ab72-44c024e8117c;ExxonMobil;Engenheiro de Big Data;"71fd8748-86dc-491c-87f7-357f32cd77f1";Luiz Felipe Fogaça;2;-3.0;0.0;2.0000000000000000;1.00000000000000000000;-6.0000000000000000;0.00000000000000000000;547.0;0.0;1.00000000000000000000;1.00000000000000000000;0.46153846153846156;2.4615384615384617;3.6153846153846154;0;2.4615384615384617;0.0;0.0
"177470c7-ccfc-46b7-8014-d33cbac5a959";a647d37b-2089-4285-ab72-44c024e8117c;ExxonMobil;Network Administrator;"5177ad6a-3198-434d-903f-2d399299c592";Erick Teixeira;2;0.0;0.0;6.0000000000000000;1.00000000000000000000;4.0000000000000000;0;493.0;1.0;0.00000000000000000000;0.00000000000000000000;0.34615384615384615;2.3461538461538463;;0;2.3461538461538463;100.0;100.0
"177470c7-ccfc-46b7-8014-d33cbac5a959";a647d37b-2089-4285-ab72-44c024e8117c;ExxonMobil;Network Administrator;"965d785a-23c0-4c64-a005-b8b357e10dac";Marcelo Carvalho;2;0.0;0.0;2.0000000000000000;0.00000000000000000000;4.0000000000000000;0;497.0;0.0;0.00000000000000000000;0.00000000000000000000;0.07692307692307693;0.07692307692307693;;0;0.07692307692307693;0.0;0.0
"17810878-0aa6-488f-bf19-f91b8a2a4f03";bfcc4408-e96d-4a08-a9b0-27adbadbc735;Microsoft;CFO;"59795efa-3a10-4736-a5dd-38cff342c667";Luiz Miguel da Paz;1;0.0;0.0;0.00000000000000000000;0;-4.0000000000000000;0;490.0;0.0;1.00000000000000000000;1.00000000000000000000;0.4230769230769231;1.4230769230769231;;0;1.4230769230769231;0.0;0.0
"186b9679-b9ac-486e-9b72-839f9189884f";"405fbbc4-280a-4ba9-9591-1f588f55317c";Coca-Cola;BlockChain Engineer;"25fc506b-4704-474a-ba36-b68e5914ae36";Alexia Pires;2;-2.0;0.0;-3.0000000000000000;0.00000000000000000000;0.00000000000000000000;1.00000000000000000000;476.0;0.0;0.00000000000000000000;0.00000000000000000000;0.5384615384615384;1.5384615384615383;;0;1.5384615384615383;0.0;0.0
"186b9679-b9ac-486e-9b72-839f9189884f";"405fbbc4-280a-4ba9-9591-1f588f55317c";Coca-Cola;BlockChain Engineer;de8cc760-93d4-45a6-bdad-4efe3a71f726;Antônio da Rosa;2;-2.0;0.0;-1.00000000000000000000;1.00000000000000000000;-2.0000000000000000;0.00000000000000000000;453.0;1.0;0.00000000000000000000;0.00000000000000000000;0.47435897435897434;2.4743589743589745;;0;2.4743589743589745;100.0;100.0
"199092be-b275-4950-8b79-955e6e2101e3";"5caae62d-e3ae-4485-aff1-29eee5c1d910";Cisco Systems;Database Administrator;"38d503b5-e663-408a-a942-affcd8c86363";Noah Freitas;2;0.0;0.0;-4.0000000000000000;0.00000000000000000000;2.0000000000000000;0.00000000000000000000;525.0;1.0;0.00000000000000000000;0.00000000000000000000;0.6153846153846154;1.6153846153846154;;0;1.6153846153846154;0.0;0.0
"199092be-b275-4950-8b79-955e6e2101e3";"5caae62d-e3ae-4485-aff1-29eee5c1d910";Cisco Systems;Database Administrator;c89c9d0d-8398-44b8-8d2f-89be05621157;Bianca da Costa;2;0.0;0.0;5.0000000000000000;1.00000000000000000000;5.0000000000000000;1.00000000000000000000;529.0;0.0;0.00000000000000000000;0.00000000000000000000;0.5384615384615384;2.5384615384615383;;0;2.5384615384615383;100.0;100.0
"1a131cb6-2519-43d1-be40-e1f864c42e5b";e4fe53b9-7577-41cd-b32b-a0ef5acb2e16;Johnson & Johnson;Software Engineer;"45382d93-3ec6-4a12-9505-789f943370d3";Ana Julia Santos;2;1.0;0.0;3.0000000000000000;0;-1.00000000000000000000;0;505.0;1.0;0.00000000000000000000;0.00000000000000000000;0.0;1.0;;0;1.0;100.0;100.0
"1a131cb6-2519-43d1-be40-e1f864c42e5b";e4fe53b9-7577-41cd-b32b-a0ef5acb2e16;Johnson & Johnson;Software Engineer;"681247bb-ae9b-4adf-868b-738c21130333";Dr. Antônio Carvalho;2;1.0;0.0;3.0000000000000000;0;-1.00000000000000000000;0;515.0;0.0;0.00000000000000000000;0.00000000000000000000;0.39743589743589747;0.39743589743589747;;0;0.39743589743589747;0.0;0.0
"1c40e9da-f5fb-4fa3-a2ee-49880ec9ab82";"619b29e7-fa97-451c-a557-375963517455";Walt Disney;UI/UX;e487ba44-7b6b-4aa9-9002-0d55f3dd31fe;Pedro Miguel Teixeira;1;-3.0;0.0;2.0000000000000000;0;2.0000000000000000;0;484.0;0.0;0.00000000000000000000;0.00000000000000000000;0.0;0.0;;0;0.0;0.0;0.0
"1cf1f25d-9d51-488c-9210-5bdcf55bd37a";"5caae62d-e3ae-4485-aff1-29eee5c1d910";Cisco Systems;Programador JAVA;e5c4ff35-3683-4bf1-a495-361126f0ccbc;Arthur Barbosa;1;-1.0;0.0;0.00000000000000000000;0;-2.0000000000000000;0;549.0;0.0;1.00000000000000000000;1.00000000000000000000;0.23076923076923078;1.2307692307692308;;0;1.2307692307692308;0.0;0.0
"1fec4a83-86ea-431c-8970-35fec5a8b521";d14cbcaf-efc5-43e8-8af4-697f81a067c5;Toyota Motor;Web Developer;"530c70ac-6011-4e6b-acf0-8f079e314b7c";Ana Clara da Conceição;2;-4.0;0.0;-1.6666666666666667;1.00000000000000000000;1.3333333333333333;1.00000000000000000000;428.0;0.0;0.00000000000000000000;0.00000000000000000000;0.0;2.0;;0;2.0;100.0;100.0
"1fec4a83-86ea-431c-8970-35fec5a8b521";d14cbcaf-efc5-43e8-8af4-697f81a067c5;Toyota Motor;Web Developer;f4877609-36e0-4396-8411-382d4cd25c51;Kaique Ribeiro;2;-4.0;0.0;-7.0000000000000000;0.00000000000000000000;-2.0000000000000000;0.00000000000000000000;422.0;1.0;0.00000000000000000000;0.00000000000000000000;0.43956043956043955;1.4395604395604396;;0;1.4395604395604396;0.0;0.0
"23befe03-39b2-41e6-ba0b-83d121d6195a";d14cbcaf-efc5-43e8-8af4-697f81a067c5;Toyota Motor;Network Administrator;"5177ad6a-3198-434d-903f-2d399299c592";Erick Teixeira;2;1.0;0.0;-1.00000000000000000000;0.00000000000000000000;-1.00000000000000000000;1.00000000000000000000;562.0;1.0;1.00000000000000000000;1.00000000000000000000;0.34615384615384615;3.3461538461538463;;0;3.3461538461538463;100.0;100.0
"23befe03-39b2-41e6-ba0b-83d121d6195a";d14cbcaf-efc5-43e8-8af4-697f81a067c5;Toyota Motor;Network Administrator;"965d785a-23c0-4c64-a005-b8b357e10dac";Marcelo Carvalho;2;1.0;0.0;0.00000000000000000000;1.00000000000000000000;-4.0000000000000000;0.00000000000000000000;566.0;0.0;0.00000000000000000000;0.00000000000000000000;0.07692307692307693;1.0769230769230769;;0;1.0769230769230769;0.0;0.0
"2615aabb-1720-4745-99b5-d2abcda9962c";"4770de8e-37bb-4488-9389-7614d1cf074e";Samsung;Desenvolvedor web;"597a667d-8489-4ee0-8969-60f4a599a84f";Davi Dias;1;7.0;0.0;-2.3333333333333333;0;-4.6666666666666667;0;538.0;0.0;0.00000000000000000000;0.00000000000000000000;1.0;1.0;;0;1.0;0.0;0.0
"2ddb87fc-4aa2-4ff2-81e3-75e5190da2aa";"5caae62d-e3ae-4485-aff1-29eee5c1d910";Cisco Systems;Machine Learning Engineer;"04be5667-f098-48bb-9eab-53312b08a991";Pietro Costa;2;4.0;0.0;0.00000000000000000000;0;-0.50000000000000000000;0.00000000000000000000;500.0;0.0;0.00000000000000000000;0.00000000000000000000;0.5604395604395604;0.5604395604395604;;0;0.5604395604395604;0.0;0.0
"2ddb87fc-4aa2-4ff2-81e3-75e5190da2aa";"5caae62d-e3ae-4485-aff1-29eee5c1d910";Cisco Systems;Machine Learning Engineer;"6ada3bde-984e-4a9c-bff7-78428344b882";Valentina Barbosa;2;4.0;0.0;0.00000000000000000000;0;5.0000000000000000;1.00000000000000000000;487.0;1.0;0.00000000000000000000;0.00000000000000000000;0.0;2.0;;0;2.0;100.0;100.0
"2f6cf646-212b-493d-b6cf-f629c8ec66a3";"9255fd2a-09fa-40a8-8abb-ba392130969e";Merck;Programador JAVASCRIPT;"651f0d0a-24eb-4607-9c36-48b4add211a2";Vitor Gonçalves;1;-1.0;0.0;0.00000000000000000000;0;0.00000000000000000000;0;623.0;0.0;0.00000000000000000000;0.00000000000000000000;0.5961538461538461;0.5961538461538461;;0;0.5961538461538461;0.0;0.0
"301d911a-8e2e-4c68-9cf5-32ed067f33e2";"619b29e7-fa97-451c-a557-375963517455";Walt Disney;Developer;"25aec70d-d43b-4829-be8d-477b8e399ed4";Alice Novaes;1;4.0;0.0;0.50000000000000000000;0;-3.5000000000000000;0;464.0;0.0;0.00000000000000000000;0.00000000000000000000;0.5769230769230769;0.5769230769230769;;0;0.5769230769230769;0.0;0.0
"31387dd5-4c03-46af-9f03-3273a1e979f3";"5caae62d-e3ae-4485-aff1-29eee5c1d910";Cisco Systems;Web Developer;"530c70ac-6011-4e6b-acf0-8f079e314b7c";Ana Clara da Conceição;2;-4.0;0.0;-1.00000000000000000000;0.00000000000000000000;0.00000000000000000000;0;569.0;0.0;0.00000000000000000000;0.00000000000000000000;0.0;0.0;;0;0.0;0.0;0.0
"31387dd5-4c03-46af-9f03-3273a1e979f3";"5caae62d-e3ae-4485-aff1-29eee5c1d910";Cisco Systems;Web Developer;f4877609-36e0-4396-8411-382d4cd25c51;Kaique Ribeiro;2;-4.0;0.0;6.0000000000000000;1.00000000000000000000;0.00000000000000000000;0;563.0;1.0;0.00000000000000000000;0.00000000000000000000;0.43956043956043955;2.4395604395604398;;0;2.4395604395604398;100.0;100.0
"314e1b23-62a3-4f6b-a7b6-b4af24ad3af4";"619b29e7-fa97-451c-a557-375963517455";Walt Disney;IT Security Specialist;"6984421f-896a-481e-96de-513c114fc2b2";Luigi da Mota;1;0.0;0.0;-4.0000000000000000;0;-7.0000000000000000;0;401.0;0.0;0.00000000000000000000;0.00000000000000000000;0.0;0.0;;0;0.0;0.0;0.0
"38983a0a-ed43-45f5-8433-9122c9c7a015";"5caae62d-e3ae-4485-aff1-29eee5c1d910";Cisco Systems;System Administrator;"632e8f41-496c-42bd-b334-66ca8af0924e";Bianca Ferreira;1;1.0;0.0;-1.00000000000000000000;0;-1.00000000000000000000;0;475.0;0.0;0.00000000000000000000;0.00000000000000000000;0.46153846153846156;0.46153846153846156;;0;0.46153846153846156;0.0;0.0
"39cf9668-b1f1-4dee-a8be-179b0acb5b85";e4fe53b9-7577-41cd-b32b-a0ef5acb2e16;Johnson & Johnson;UI/UX;e487ba44-7b6b-4aa9-9002-0d55f3dd31fe;Pedro Miguel Teixeira;1;2.0;0.0;6.0000000000000000;0;-3.0000000000000000;0;537.0;0.0;0.00000000000000000000;0.00000000000000000000;0.0;0.0;;0;0.0;0.0;0.0
"39f70ac1-25f3-412e-b210-cfddebd91ecc";"5caae62d-e3ae-4485-aff1-29eee5c1d910";Cisco Systems;UI/UX;e487ba44-7b6b-4aa9-9002-0d55f3dd31fe;Pedro Miguel Teixeira;1;-5.0;0.0;0.00000000000000000000;0;5.0000000000000000;0;426.0;0.0;0.00000000000000000000;0.00000000000000000000;0.0;0.0;;0;0.0;0.0;0.0
"3b4b07ea-1e57-4dea-9008-1d2df1189182";d14cbcaf-efc5-43e8-8af4-697f81a067c5;Toyota Motor;Network Engineer;"7e343995-7f8f-4911-8946-5a6a2debe1d0";Leandro Nunes;1;-2.0;0.0;0.00000000000000000000;0;4.5000000000000000;0;556.0;0.0;0.00000000000000000000;0.00000000000000000000;0.6923076923076923;0.6923076923076923;;0;0.6923076923076923;0.0;0.0
"3b65e9b6-0d3d-4e6f-8438-22ef636ababd";"5caae62d-e3ae-4485-aff1-29eee5c1d910";Cisco Systems;Quality Assurance Tester;"4e9fd98d-c16c-4136-a2f0-2403f889be06";Yasmin Gonçalves;1;2.0;0.0;-1.00000000000000000000;0;-1.00000000000000000000;0;454.0;0.0;1.00000000000000000000;1.00000000000000000000;0.0;1.0;;0;1.0;0.0;0.0
"3cbe7a99-5cdd-459f-8a4a-276d86fc7ff7";"4770de8e-37bb-4488-9389-7614d1cf074e";Samsung;Programador JAVA;a6edbaa5-8d86-480a-91dd-3b098855ef22;Caroline da Costa;1;-2.0;0.0;2.0000000000000000;0;-7.0000000000000000;0;527.0;0.0;0.00000000000000000000;0.00000000000000000000;0.5769230769230769;0.5769230769230769;;0;0.5769230769230769;0.0;0.0
"3d95ff72-c727-48d6-9e72-cb056dc1a21a";d14cbcaf-efc5-43e8-8af4-697f81a067c5;Toyota Motor;Data Scientist;"10e21a11-ff78-48e9-894a-e97b32f63b9a";Bruno Silva;1;0.0;0.0;-6.0000000000000000;0;-3.0000000000000000;0;431.0;0.0;1.00000000000000000000;1.00000000000000000000;0.0;1.0;;0;1.0;0.0;0.0
"3f204daf-39e1-4467-96dd-666d860157aa";d14cbcaf-efc5-43e8-8af4-697f81a067c5;Toyota Motor;Desenvolvedor web;"597a667d-8489-4ee0-8969-60f4a599a84f";Davi Dias;1;7.0;0.0;-7.0000000000000000;0;-5.0000000000000000;0;521.0;0.0;0.00000000000000000000;0.00000000000000000000;1.0;1.0;;0;1.0;0.0;0.0
"40d5db12-4ca8-4c19-a7b6-469beeb82e9d";"8f99c155-0bed-4e69-aaf4-90e42b9a2b4f";Apple;Developer;"25aec70d-d43b-4829-be8d-477b8e399ed4";Alice Novaes;1;-1.0;0.0;-2.5000000000000000;0;1.5000000000000000;0;482.0;0.0;0.00000000000000000000;0.00000000000000000000;0.5769230769230769;0.5769230769230769;;0;0.5769230769230769;0.0;0.0
"4231758b-02b2-4e02-aed2-bc6065d015a7";e4fe53b9-7577-41cd-b32b-a0ef5acb2e16;Johnson & Johnson;BlockChain Engineer;"25fc506b-4704-474a-ba36-b68e5914ae36";Alexia Pires;3;0.0;0.0;2.0000000000000000;0.00000000000000000000;-2.0000000000000000;1.00000000000000000000;465.0;0.0;0.00000000000000000000;0.00000000000000000000;0.5384615384615384;1.5384615384615383;;0;1.5384615384615383;0.0;0.0
"4231758b-02b2-4e02-aed2-bc6065d015a7";e4fe53b9-7577-41cd-b32b-a0ef5acb2e16;Johnson & Johnson;BlockChain Engineer;"26c04202-d8d7-45a9-a1af-9214344fd37b";Sr. Theo Alves;3;0.0;0.0;5.0000000000000000;1.00000000000000000000;-2.0000000000000000;1.00000000000000000000;448.0;0.7391304347826086;0.00000000000000000000;0.00000000000000000000;0.6153846153846154;3.354515050167224;;0;3.354515050167224;100.0;100.0
"4231758b-02b2-4e02-aed2-bc6065d015a7";e4fe53b9-7577-41cd-b32b-a0ef5acb2e16;Johnson & Johnson;BlockChain Engineer;de8cc760-93d4-45a6-bdad-4efe3a71f726;Antônio da Rosa;3;0.0;0.0;2.2000000000000000;0.06666666666666666667;-2.2000000000000000;0.0000000000000000;442.0;1.0;0.00000000000000000000;0.00000000000000000000;0.47435897435897434;1.5410256410256409;;0;1.5410256410256409;0.0;0.0
"43d1d10d-d19c-401e-b9ed-e51ab8125a7b";"9255fd2a-09fa-40a8-8abb-ba392130969e";Merck;Engenheiro de Big Data;"526df4e1-186c-45f7-865e-ca9dae787868";Candidato 100%;2;4.0;1.0;-6.0000000000000000;0.00000000000000000000;3.0000000000000000;1.00000000000000000000;18.0;1.0;0.00000000000000000000;0.00000000000000000000;0.6153846153846154;3.6153846153846154;3.6153846153846154;0;3.6153846153846154;100.0;100.0
"43d1d10d-d19c-401e-b9ed-e51ab8125a7b";"9255fd2a-09fa-40a8-8abb-ba392130969e";Merck;Engenheiro de Big Data;"71fd8748-86dc-491c-87f7-357f32cd77f1";Luiz Felipe Fogaça;2;0.0;0.0;-2.5000000000000000;1.00000000000000000000;1.00000000000000000000;0.00000000000000000000;524.0;0.0;0.00000000000000000000;0.00000000000000000000;0.46153846153846156;1.4615384615384617;3.6153846153846154;0;1.4615384615384617;0.0;0.0
"43dea3c3-2aba-4581-9a6e-6c0e00d83da2";"619b29e7-fa97-451c-a557-375963517455";Walt Disney;Programador JAVA;a6edbaa5-8d86-480a-91dd-3b098855ef22;Caroline da Costa;1;7.0;0.0;0.00000000000000000000;0;-5.0000000000000000;0;460.0;0.0;0.00000000000000000000;0.00000000000000000000;0.5769230769230769;0.5769230769230769;;0;0.5769230769230769;0.0;0.0
"4841f5ff-ce9f-427f-ad08-cb3e0d7fc609";d14cbcaf-efc5-43e8-8af4-697f81a067c5;Toyota Motor;Quality Assurance Tester;"0f4f55f5-4170-400f-985d-9830221ebadc";Sofia Lima;2;1.0;0.0;0.50000000000000000000;0.00000000000000000000;-1.5000000000000000;0.00000000000000000000;528.0;0.0;0.00000000000000000000;0.00000000000000000000;0.0;0.0;;0;0.0;0.0;0.0
"4841f5ff-ce9f-427f-ad08-cb3e0d7fc609";d14cbcaf-efc5-43e8-8af4-697f81a067c5;Toyota Motor;Quality Assurance Tester;"4e9fd98d-c16c-4136-a2f0-2403f889be06";Yasmin Gonçalves;2;1.0;0.0;7.0000000000000000;1.00000000000000000000;0.00000000000000000000;1.00000000000000000000;526.0;1.0;0.00000000000000000000;0.00000000000000000000;0.0;3.0;;0;3.0;100.0;100.0
"48549a13-7dc7-4c3c-a804-f9cdc27fcdc9";e4fe53b9-7577-41cd-b32b-a0ef5acb2e16;Johnson & Johnson;Engenheiro de Big Data;"526df4e1-186c-45f7-865e-ca9dae787868";Candidato 100%;1;2.0;0.0;-1.00000000000000000000;0;5.0000000000000000;0;36.0;0.0;1.00000000000000000000;1.00000000000000000000;0.6153846153846154;1.6153846153846154;1.6153846153846154;0;1.6153846153846154;0.0;0.0
"49773969-715f-4d9d-ac58-b9df54644f90";"8f99c155-0bed-4e69-aaf4-90e42b9a2b4f";Apple;Database Administrator;"30129a6b-5c19-4efe-8319-a03907a2ded4";Clara Monteiro;2;2.0;0.0;-3.0000000000000000;0.00000000000000000000;-4.0000000000000000;1.00000000000000000000;531.0;1.0;0.00000000000000000000;0.00000000000000000000;0.07692307692307693;2.076923076923077;;0;2.076923076923077;100.0;100.0
"49773969-715f-4d9d-ac58-b9df54644f90";"8f99c155-0bed-4e69-aaf4-90e42b9a2b4f";Apple;Database Administrator;"38d503b5-e663-408a-a942-affcd8c86363";Noah Freitas;2;2.0;0.0;2.0000000000000000;1.00000000000000000000;-5.0000000000000000;0.00000000000000000000;536.0;0.0;0.00000000000000000000;0.00000000000000000000;0.6153846153846154;1.6153846153846154;;0;1.6153846153846154;0.0;0.0
"49b82074-4594-49d8-99a5-c460f21d8daf";bfcc4408-e96d-4a08-a9b0-27adbadbc735;Microsoft;BlockChain Engineer;"26c04202-d8d7-45a9-a1af-9214344fd37b";Sr. Theo Alves;2;-1.0;0.0;-5.0000000000000000;0.00000000000000000000;0.00000000000000000000;1.00000000000000000000;533.0;0.0;0.00000000000000000000;0.00000000000000000000;0.6153846153846154;1.6153846153846154;;0;1.6153846153846154;0.0;0.0
"49b82074-4594-49d8-99a5-c460f21d8daf";bfcc4408-e96d-4a08-a9b0-27adbadbc735;Microsoft;BlockChain Engineer;de8cc760-93d4-45a6-bdad-4efe3a71f726;Antônio da Rosa;2;-1.0;0.0;-3.0000000000000000;1.00000000000000000000;-1.00000000000000000000;0.00000000000000000000;527.0;1.0;0.00000000000000000000;0.00000000000000000000;0.47435897435897434;2.4743589743589745;;0;2.4743589743589745;100.0;100.0
"4d39efcb-38be-4d2a-bed6-0f851d5ef952";"405fbbc4-280a-4ba9-9591-1f588f55317c";Coca-Cola;Data Scientist;"10e21a11-ff78-48e9-894a-e97b32f63b9a";Bruno Silva;1;0.0;0.0;-1.00000000000000000000;0;4.0000000000000000;0;385.0;0.0;0.00000000000000000000;0.00000000000000000000;0.0;0.0;;0;0.0;0.0;0.0
"4db154dd-b451-4255-8c62-68f695b158c0";d14cbcaf-efc5-43e8-8af4-697f81a067c5;Toyota Motor;CIO;f6f850a1-f40c-4d60-a0a4-fb7d8f70a972;Stella Barbosa;1;0.0;0.0;4.0000000000000000;0;-3.0000000000000000;0;438.0;0.0;0.00000000000000000000;0.00000000000000000000;0.39560439560439564;0.39560439560439564;;0;0.39560439560439564;0.0;0.0
"4e0603c4-3fd0-4a0a-8aa9-906faa7bf747";a647d37b-2089-4285-ab72-44c024e8117c;ExxonMobil;BlockChain Engineer;"26c04202-d8d7-45a9-a1af-9214344fd37b";Sr. Theo Alves;2;0.0;0.0;4.5000000000000000;0.00000000000000000000;6.0000000000000000;1.00000000000000000000;579.0;0.0;0.00000000000000000000;0.00000000000000000000;0.6153846153846154;1.6153846153846154;;0;1.6153846153846154;0.0;0.0
"4e0603c4-3fd0-4a0a-8aa9-906faa7bf747";a647d37b-2089-4285-ab72-44c024e8117c;ExxonMobil;BlockChain Engineer;de8cc760-93d4-45a6-bdad-4efe3a71f726;Antônio da Rosa;2;0.0;0.0;7.0000000000000000;1.00000000000000000000;0.00000000000000000000;0.00000000000000000000;573.0;1.0;1.00000000000000000000;1.00000000000000000000;0.47435897435897434;3.4743589743589745;;0;3.4743589743589745;100.0;100.0
"4e0a5f31-5f08-49be-8745-463abef35a38";"9255fd2a-09fa-40a8-8abb-ba392130969e";Merck;Network Administrator;"5177ad6a-3198-434d-903f-2d399299c592";Erick Teixeira;2;2.0;0.0;0.00000000000000000000;1.00000000000000000000;-1.00000000000000000000;0;540.0;1.0;1.00000000000000000000;1.00000000000000000000;0.34615384615384615;3.3461538461538463;;0;3.3461538461538463;100.0;100.0
"4e0a5f31-5f08-49be-8745-463abef35a38";"9255fd2a-09fa-40a8-8abb-ba392130969e";Merck;Network Administrator;"965d785a-23c0-4c64-a005-b8b357e10dac";Marcelo Carvalho;2;2.0;0.0;-2.0000000000000000;0.00000000000000000000;-1.00000000000000000000;0;544.0;0.0;1.00000000000000000000;1.00000000000000000000;0.07692307692307693;1.0769230769230769;;0;1.0769230769230769;0.0;0.0
"4e925235-e0b3-4981-bf3a-2af2bd174197";"405fbbc4-280a-4ba9-9591-1f588f55317c";Coca-Cola;Software Engineer;"681247bb-ae9b-4adf-868b-738c21130333";Dr. Antônio Carvalho;1;0.0;0.0;-1.5000000000000000;0;-0.50000000000000000000;0;487.0;0.0;0.00000000000000000000;0.00000000000000000000;0.39743589743589747;0.39743589743589747;;0;0.39743589743589747;0.0;0.0
"4fd03e85-b4ad-4609-9709-048513506384";"405fbbc4-280a-4ba9-9591-1f588f55317c";Coca-Cola;Quality Assurance Tester;"0f4f55f5-4170-400f-985d-9830221ebadc";Sofia Lima;1;4.0;0.0;-4.0000000000000000;0;-4.0000000000000000;0;436.0;0.0;0.00000000000000000000;0.00000000000000000000;0.0;0.0;;0;0.0;0.0;0.0
"51f3fbc2-3bd9-440d-b696-72381ad54355";bfcc4408-e96d-4a08-a9b0-27adbadbc735;Microsoft;Network Administrator;"5177ad6a-3198-434d-903f-2d399299c592";Erick Teixeira;2;1.0;0.0;4.0000000000000000;1.00000000000000000000;-1.00000000000000000000;0;504.0;1.0;1.00000000000000000000;1.00000000000000000000;0.34615384615384615;3.3461538461538463;;0;3.3461538461538463;100.0;100.0
"51f3fbc2-3bd9-440d-b696-72381ad54355";bfcc4408-e96d-4a08-a9b0-27adbadbc735;Microsoft;Network Administrator;"965d785a-23c0-4c64-a005-b8b357e10dac";Marcelo Carvalho;2;1.0;0.0;2.0000000000000000;0.00000000000000000000;-1.00000000000000000000;0;508.0;0.0;0.00000000000000000000;0.00000000000000000000;0.07692307692307693;0.07692307692307693;;0;0.07692307692307693;0.0;0.0
"529b11c6-960f-4f06-ac34-96eb71f88c74";"5caae62d-e3ae-4485-aff1-29eee5c1d910";Cisco Systems;BlockChain Engineer;"25fc506b-4704-474a-ba36-b68e5914ae36";Alexia Pires;1;0.0;0.0;2.0000000000000000;0;0.00000000000000000000;0;366.0;0.0;0.00000000000000000000;0.00000000000000000000;0.5384615384615384;0.5384615384615384;;0;0.5384615384615384;0.0;0.0
"54d542cd-33c2-4e33-b670-3611eacbc891";e4fe53b9-7577-41cd-b32b-a0ef5acb2e16;Johnson & Johnson;Programador JAVASCRIPT;"651f0d0a-24eb-4607-9c36-48b4add211a2";Vitor Gonçalves;1;4.0;0.0;-6.0000000000000000;0;5.0000000000000000;0;546.0;0.0;0.00000000000000000000;0.00000000000000000000;0.5961538461538461;0.5961538461538461;;0;0.5961538461538461;0.0;0.0
"56248580-5a81-4717-a0cd-615ba00b55ab";"405fbbc4-280a-4ba9-9591-1f588f55317c";Coca-Cola;Engenheiro de Big Data;"526df4e1-186c-45f7-865e-ca9dae787868";Candidato 100%;1;4.0;0.0;1.00000000000000000000;0;1.00000000000000000000;0;80.0;0.0;0.00000000000000000000;0.00000000000000000000;0.6153846153846154;0.6153846153846154;0.6153846153846154;0;0.6153846153846154;0.0;0.0
"5f0db285-9598-49bd-8acb-30dd74bb6046";"5caae62d-e3ae-4485-aff1-29eee5c1d910";Cisco Systems;Arquiteto de Cloud;afa68db6-760a-4ef7-aa31-1aac4369d21f;Ana Beatriz Moura;1;-1.0;0.0;-4.0000000000000000;0;2.0000000000000000;0;642.0;0.0;0.00000000000000000000;0.00000000000000000000;0.0;0.0;;0;0.0;0.0;0.0
"5fd79b49-9d66-407a-9fc3-062f595cf2d5";"9255fd2a-09fa-40a8-8abb-ba392130969e";Merck;Software Engineer;"45382d93-3ec6-4a12-9505-789f943370d3";Ana Julia Santos;2;3.0;0.0;1.00000000000000000000;1.00000000000000000000;7.0000000000000000;1.00000000000000000000;526.0;1.0;1.00000000000000000000;1.00000000000000000000;0.0;4.0;;0;4.0;100.0;100.0
"5fd79b49-9d66-407a-9fc3-062f595cf2d5";"9255fd2a-09fa-40a8-8abb-ba392130969e";Merck;Software Engineer;"681247bb-ae9b-4adf-868b-738c21130333";Dr. Antônio Carvalho;2;3.0;0.0;-3.0000000000000000;0.00000000000000000000;2.0000000000000000;0.00000000000000000000;536.0;0.0;0.00000000000000000000;0.00000000000000000000;0.39743589743589747;0.39743589743589747;;0;0.39743589743589747;0.0;0.0
"605aa420-4852-4112-bb39-f0b58994ebc2";"4770de8e-37bb-4488-9389-7614d1cf074e";Samsung;IT Security Specialist;"6984421f-896a-481e-96de-513c114fc2b2";Luigi da Mota;1;4.0;0.0;-3.0000000000000000;0;-1.00000000000000000000;0;492.0;0.0;0.00000000000000000000;0.00000000000000000000;0.0;0.0;;0;0.0;0.0;0.0
"614ac1ae-c392-47a0-816c-16a43ab5d4d7";"5caae62d-e3ae-4485-aff1-29eee5c1d910";Cisco Systems;CIO;"5d25327a-cf17-4d07-960a-6eaa929c578d";Sr. Carlos Eduardo Costela;2;0.0;0.0;-8.0000000000000000;0.00000000000000000000;0.00000000000000000000;1.00000000000000000000;603.0;0.0;0.00000000000000000000;0.00000000000000000000;0.3076923076923077;1.3076923076923077;;0;1.3076923076923077;0.0;0.0
"614ac1ae-c392-47a0-816c-16a43ab5d4d7";"5caae62d-e3ae-4485-aff1-29eee5c1d910";Cisco Systems;CIO;a29cda8d-a06c-4a2d-81cb-ff5dc1e4acb6;Ana Laura Oliveira;2;0.0;0.0;0.00000000000000000000;1.00000000000000000000;-4.0000000000000000;0.00000000000000000000;566.0;1.0;0.00000000000000000000;0.00000000000000000000;0.4358974358974359;2.435897435897436;;0;2.435897435897436;100.0;100.0
"63a009a7-9335-45f7-a01c-ea352ec27779";d14cbcaf-efc5-43e8-8af4-697f81a067c5;Toyota Motor;Database Administrator;"2228327b-b752-44c0-ad57-30893720525e";João Silveira;3;-2.0;0.0;-0.50000000000000000000;0.62500000000000000000;0.00000000000000000000;0.00000000000000000000;436.0;1.0;0.00000000000000000000;0.00000000000000000000;0.5076923076923077;2.1326923076923077;;0;2.1326923076923077;37.0;37.0
"63a009a7-9335-45f7-a01c-ea352ec27779";d14cbcaf-efc5-43e8-8af4-697f81a067c5;Toyota Motor;Database Administrator;"30129a6b-5c19-4efe-8319-a03907a2ded4";Clara Monteiro;3;-2.0;0.0;-3.0000000000000000;0.00000000000000000000;1.00000000000000000000;1.00000000000000000000;438.0;0.8181818181818181;0.00000000000000000000;0.00000000000000000000;0.07692307692307693;1.895104895104895;;0;1.895104895104895;0.0;0.0
"63a009a7-9335-45f7-a01c-ea352ec27779";d14cbcaf-efc5-43e8-8af4-697f81a067c5;Toyota Motor;Database Administrator;c89c9d0d-8398-44b8-8d2f-89be05621157;Bianca da Costa;3;-2.0;0.0;1.00000000000000000000;1.00000000000000000000;1.00000000000000000000;1.00000000000000000000;447.0;0.0;0.00000000000000000000;0.00000000000000000000;0.5384615384615384;2.5384615384615383;;0;2.5384615384615383;100.0;100.0
"664a4f25-5862-4f3f-89e6-e8f3c30d1b76";bfcc4408-e96d-4a08-a9b0-27adbadbc735;Microsoft;Web Developer;"48389c06-f272-4db3-a776-064e1eaeac72";Lucas Rocha;3;4.0;0.0;-1.00000000000000000000;0.00000000000000000000;-3.5000000000000000;0.00000000000000000000;556.0;1.0;0.00000000000000000000;0.00000000000000000000;0.4807692307692308;1.4807692307692308;;0;1.4807692307692308;0.0;0.0
"664a4f25-5862-4f3f-89e6-e8f3c30d1b76";bfcc4408-e96d-4a08-a9b0-27adbadbc735;Microsoft;Web Developer;"530c70ac-6011-4e6b-acf0-8f079e314b7c";Ana Clara da Conceição;3;4.0;0.0;4.0000000000000000;1.00000000000000000000;5.0000000000000000;1.00000000000000000000;564.0;0.0;0.00000000000000000000;0.00000000000000000000;0.0;2.0;;0;2.0;48.0;48.0
"664a4f25-5862-4f3f-89e6-e8f3c30d1b76";bfcc4408-e96d-4a08-a9b0-27adbadbc735;Microsoft;Web Developer;f4877609-36e0-4396-8411-382d4cd25c51;Kaique Ribeiro;3;4.0;0.0;2.0000000000000000;0.60000000000000000000;3.0000000000000000;0.76470588235294117647;558.0;0.75;0.00000000000000000000;0.00000000000000000000;0.43956043956043955;2.5542663219133805;;0;2.5542663219133805;100.0;100.0
"665cfcb2-52b0-418e-be4b-011bcb3cde2c";"9255fd2a-09fa-40a8-8abb-ba392130969e";Merck;Network Engineer;"57e4b0ac-cf0a-433f-a22b-6106a5cd00c8";Sofia Costa;2;-1.0;0.0;-2.0000000000000000;0;-8.0000000000000000;0.00000000000000000000;491.0;0.0;0.00000000000000000000;0.00000000000000000000;0.0;0.0;;0;0.0;0.0;0.0
"665cfcb2-52b0-418e-be4b-011bcb3cde2c";"9255fd2a-09fa-40a8-8abb-ba392130969e";Merck;Network Engineer;"7e343995-7f8f-4911-8946-5a6a2debe1d0";Leandro Nunes;2;-1.0;0.0;-2.0000000000000000;0;1.00000000000000000000;1.00000000000000000000;480.0;1.0;0.00000000000000000000;0.00000000000000000000;0.6923076923076923;2.6923076923076925;;0;2.6923076923076925;100.0;100.0
"67204ed5-7184-4b7c-94c1-be53f9451dde";a647d37b-2089-4285-ab72-44c024e8117c;ExxonMobil;Network Engineer;"5e0f5d1c-4e44-4eac-a1a3-65232cf65b3c";Thiago Moura;1;2.0;0.0;-4.0000000000000000;0;1.00000000000000000000;0;541.0;0.0;0.00000000000000000000;0.00000000000000000000;0.3736263736263736;0.3736263736263736;;0;0.3736263736263736;0.0;0.0
"6954efc7-9ce8-4249-847c-2d03aa041b3e";"8f99c155-0bed-4e69-aaf4-90e42b9a2b4f";Apple;Software Engineer;"45382d93-3ec6-4a12-9505-789f943370d3";Ana Julia Santos;2;1.0;0.0;-2.0000000000000000;0.00000000000000000000;6.0000000000000000;1.00000000000000000000;395.0;1.0;0.00000000000000000000;0.00000000000000000000;0.0;2.0;;0;2.0;100.0;100.0
"6954efc7-9ce8-4249-847c-2d03aa041b3e";"8f99c155-0bed-4e69-aaf4-90e42b9a2b4f";Apple;Software Engineer;"681247bb-ae9b-4adf-868b-738c21130333";Dr. Antônio Carvalho;2;1.0;0.0;4.0000000000000000;1.00000000000000000000;0.00000000000000000000;0.00000000000000000000;405.0;0.0;0.00000000000000000000;0.00000000000000000000;0.39743589743589747;1.3974358974358974;;0;1.3974358974358974;0.0;0.0
"6a013429-5047-4891-b99f-d5563b224d36";"619b29e7-fa97-451c-a557-375963517455";Walt Disney;Data Scientist;"10e21a11-ff78-48e9-894a-e97b32f63b9a";Bruno Silva;1;1.0;0.0;-1.00000000000000000000;0;3.0000000000000000;0;433.0;0.0;0.00000000000000000000;0.00000000000000000000;0.0;0.0;;0;0.0;0.0;0.0
"6a1abcb8-2ba1-4a3c-a835-8c95475b47f8";"4770de8e-37bb-4488-9389-7614d1cf074e";Samsung;Quality Assurance Tester;"0f4f55f5-4170-400f-985d-9830221ebadc";Sofia Lima;2;4.0;0.0;-0.50000000000000000000;0.00000000000000000000;-4.0000000000000000;0.00000000000000000000;427.0;0.0;0.00000000000000000000;0.00000000000000000000;0.0;0.0;;0;0.0;0.0;0.0
"6a1abcb8-2ba1-4a3c-a835-8c95475b47f8";"4770de8e-37bb-4488-9389-7614d1cf074e";Samsung;Quality Assurance Tester;"4e9fd98d-c16c-4136-a2f0-2403f889be06";Yasmin Gonçalves;2;4.0;0.0;2.0000000000000000;1.00000000000000000000;1.00000000000000000000;1.00000000000000000000;425.0;1.0;0.00000000000000000000;0.00000000000000000000;0.0;3.0;;0;3.0;100.0;100.0
"70be56c0-e95b-4214-9dfc-103655db625c";"8f99c155-0bed-4e69-aaf4-90e42b9a2b4f";Apple;Network Administrator;"5177ad6a-3198-434d-903f-2d399299c592";Erick Teixeira;1;0.0;0.0;-8.0000000000000000;0;5.0000000000000000;0;487.0;0.0;0.00000000000000000000;0.00000000000000000000;0.34615384615384615;0.34615384615384615;;0;0.34615384615384615;0.0;0.0
"72243ebe-3518-4ffe-8598-9e7513807ee8";bfcc4408-e96d-4a08-a9b0-27adbadbc735;Microsoft;Quality Assurance Tester;"4e9fd98d-c16c-4136-a2f0-2403f889be06";Yasmin Gonçalves;1;1.0;0.0;-2.0000000000000000;0;-4.0000000000000000;0;555.0;0.0;0.00000000000000000000;0.00000000000000000000;0.0;0.0;;0;0.0;0.0;0.0
"755c8c0c-3daf-4879-8379-dd8df2db5faf";"9255fd2a-09fa-40a8-8abb-ba392130969e";Merck;UI/UX;e487ba44-7b6b-4aa9-9002-0d55f3dd31fe;Pedro Miguel Teixeira;1;-7.0;0.0;2.5000000000000000;0;-4.0000000000000000;0;512.0;0.0;0.00000000000000000000;0.00000000000000000000;0.0;0.0;;0;0.0;0.0;0.0
"7580d302-e4f8-48b4-b3d2-172f8fa2d936";a647d37b-2089-4285-ab72-44c024e8117c;ExxonMobil;CIO;"5d25327a-cf17-4d07-960a-6eaa929c578d";Sr. Carlos Eduardo Costela;2;0.0;0.0;0.00000000000000000000;1.00000000000000000000;-2.0000000000000000;0.00000000000000000000;496.0;0.0;0.00000000000000000000;0.00000000000000000000;0.3076923076923077;1.3076923076923077;;0;1.3076923076923077;0.0;0.0
"7580d302-e4f8-48b4-b3d2-172f8fa2d936";a647d37b-2089-4285-ab72-44c024e8117c;ExxonMobil;CIO;f6f850a1-f40c-4d60-a0a4-fb7d8f70a972;Stella Barbosa;2;0.0;0.0;-3.0000000000000000;0.00000000000000000000;6.0000000000000000;1.00000000000000000000;483.0;1.0;0.00000000000000000000;0.00000000000000000000;0.39560439560439564;2.3956043956043955;;0;2.3956043956043955;100.0;100.0
"78343f1a-b881-4f50-ba40-1a36c4bc5336";"9255fd2a-09fa-40a8-8abb-ba392130969e";Merck;Database Administrator;"2228327b-b752-44c0-ad57-30893720525e";João Silveira;3;-1.0;0.0;3.0000000000000000;1.00000000000000000000;4.0000000000000000;0.33333333333333333333;547.0;1.0;0.00000000000000000000;0.00000000000000000000;0.5076923076923077;2.8410256410256407;;0;2.8410256410256407;100.0;100.0
"78343f1a-b881-4f50-ba40-1a36c4bc5336";"9255fd2a-09fa-40a8-8abb-ba392130969e";Merck;Database Administrator;"30129a6b-5c19-4efe-8319-a03907a2ded4";Clara Monteiro;3;-1.0;0.0;1.00000000000000000000;0.14285714285714285714;6.0000000000000000;1.00000000000000000000;549.0;0.8181818181818181;0.00000000000000000000;0.00000000000000000000;0.07692307692307693;2.037962037962038;;0;2.037962037962038;38.0;38.0
"78343f1a-b881-4f50-ba40-1a36c4bc5336";"9255fd2a-09fa-40a8-8abb-ba392130969e";Merck;Database Administrator;c89c9d0d-8398-44b8-8d2f-89be05621157;Bianca da Costa;3;-1.0;0.0;0.66666666666666666667;0.00000000000000000000;3.0000000000000000;0.00000000000000000000;558.0;0.0;1.00000000000000000000;1.00000000000000000000;0.5384615384615384;1.5384615384615383;;0;1.5384615384615383;0.0;0.0
"78d369eb-6efe-4c6b-8e58-d337ef9d8eda";"619b29e7-fa97-451c-a557-375963517455";Walt Disney;Machine Learning Engineer;"04be5667-f098-48bb-9eab-53312b08a991";Pietro Costa;2;2.0;0.0;2.0000000000000000;1.00000000000000000000;-1.00000000000000000000;1.00000000000000000000;506.0;1.0;1.00000000000000000000;1.00000000000000000000;0.5604395604395604;4.56043956043956;;0;4.56043956043956;100.0;100.0
"78d369eb-6efe-4c6b-8e58-d337ef9d8eda";"619b29e7-fa97-451c-a557-375963517455";Walt Disney;Machine Learning Engineer;"2864aae7-aaf6-4cb9-8a56-de1c912a9e06";Enrico Rocha;2;2.0;0.0;-2.0000000000000000;0.00000000000000000000;-2.0000000000000000;0.00000000000000000000;507.0;0.0;1.00000000000000000000;1.00000000000000000000;0.5;1.5;;0;1.5;0.0;0.0
"7948f6a5-2fcc-4764-88d6-5f88720c8f59";"9255fd2a-09fa-40a8-8abb-ba392130969e";Merck;Machine Learning Engineer;"04be5667-f098-48bb-9eab-53312b08a991";Pietro Costa;3;0.0;0.0;4.0000000000000000;1.00000000000000000000;-3.0000000000000000;0.13333333333333333333;510.0;0.0714285714285714;0.00000000000000000000;0.00000000000000000000;0.5604395604395604;1.7652014652014651;;0;1.7652014652014651;100.0;100.0
"7948f6a5-2fcc-4764-88d6-5f88720c8f59";"9255fd2a-09fa-40a8-8abb-ba392130969e";Merck;Machine Learning Engineer;"2864aae7-aaf6-4cb9-8a56-de1c912a9e06";Enrico Rocha;3;0.0;0.0;-1.00000000000000000000;0.00000000000000000000;3.5000000000000000;1.00000000000000000000;511.0;0.0;0.00000000000000000000;0.00000000000000000000;0.5;1.5;;0;1.5;65.0;65.0
"7948f6a5-2fcc-4764-88d6-5f88720c8f59";"9255fd2a-09fa-40a8-8abb-ba392130969e";Merck;Machine Learning Engineer;"6ada3bde-984e-4a9c-bff7-78428344b882";Valentina Barbosa;3;0.0;0.0;-1.00000000000000000000;0.00000000000000000000;-4.0000000000000000;0.00000000000000000000;497.0;1.0;0.00000000000000000000;0.00000000000000000000;0.0;1.0;;0;1.0;0.0;0.0
"7b83b006-f0d2-4e77-8451-2b81759a6c56";e4fe53b9-7577-41cd-b32b-a0ef5acb2e16;Johnson & Johnson;IT Director;"1a66f8ce-6849-452b-9c98-b06e41597c46";Isabel Cavalcanti;1;-2.0;0.0;2.0000000000000000;0;-1.00000000000000000000;0;543.0;0.0;0.00000000000000000000;0.00000000000000000000;0.5494505494505494;0.5494505494505494;;0;0.5494505494505494;0.0;0.0
"7ccd7e3a-1414-48a2-be19-dd0ddc506c4b";"9255fd2a-09fa-40a8-8abb-ba392130969e";Merck;BlockChain Engineer;"26c04202-d8d7-45a9-a1af-9214344fd37b";Sr. Theo Alves;1;2.0;0.0;-4.0000000000000000;0;3.0000000000000000;0;499.0;0.0;0.00000000000000000000;0.00000000000000000000;0.6153846153846154;0.6153846153846154;;0;0.6153846153846154;0.0;0.0
"852eafd5-7d2c-4873-9322-e2476b4bab03";a647d37b-2089-4285-ab72-44c024e8117c;ExxonMobil;Software Engineer;"45382d93-3ec6-4a12-9505-789f943370d3";Ana Julia Santos;1;1.0;0.0;4.0000000000000000;0;2.0000000000000000;0;490.0;0.0;1.00000000000000000000;1.00000000000000000000;0.0;1.0;;0;1.0;0.0;0.0
"8702e8b0-b028-40ff-8a98-c1f3895e2124";"8f99c155-0bed-4e69-aaf4-90e42b9a2b4f";Apple;Quality Assurance Tester;"4e9fd98d-c16c-4136-a2f0-2403f889be06";Yasmin Gonçalves;1;0.0;0.0;-6.0000000000000000;0;2.0000000000000000;0;424.0;0.0;0.00000000000000000000;0.00000000000000000000;0.0;0.0;;0;0.0;0.0;0.0
"8784c023-d4d5-47c4-87ec-752e6d83539c";"619b29e7-fa97-451c-a557-375963517455";Walt Disney;Web Developer;"530c70ac-6011-4e6b-acf0-8f079e314b7c";Ana Clara da Conceição;2;-5.0;0.0;1.00000000000000000000;0;1.00000000000000000000;0.00000000000000000000;414.0;0.0;1.00000000000000000000;1.00000000000000000000;0.0;1.0;;0;1.0;0.0;0.0
"8784c023-d4d5-47c4-87ec-752e6d83539c";"619b29e7-fa97-451c-a557-375963517455";Walt Disney;Web Developer;f4877609-36e0-4396-8411-382d4cd25c51;Kaique Ribeiro;2;-5.0;0.0;1.00000000000000000000;0;4.0000000000000000;1.00000000000000000000;408.0;1.0;0.00000000000000000000;0.00000000000000000000;0.43956043956043955;2.4395604395604398;;0;2.4395604395604398;100.0;100.0
"87945488-0335-4389-b5fe-5da4c6622540";"619b29e7-fa97-451c-a557-375963517455";Walt Disney;Database Administrator;"2228327b-b752-44c0-ad57-30893720525e";João Silveira;4;-2.0;0.0;1.00000000000000000000;1.00000000000000000000;-1.00000000000000000000;0.00000000000000000000;503.0;1.0;1.00000000000000000000;1.00000000000000000000;0.5076923076923077;3.5076923076923077;;0;3.5076923076923077;100.0;100.0
"87945488-0335-4389-b5fe-5da4c6622540";"619b29e7-fa97-451c-a557-375963517455";Walt Disney;Database Administrator;"30129a6b-5c19-4efe-8319-a03907a2ded4";Clara Monteiro;4;-2.0;0.0;-1.00000000000000000000;0.57142857142857143163;1.00000000000000000000;0.66666666666666666667;505.0;0.8181818181818181;0.00000000000000000000;0.00000000000000000000;0.07692307692307693;2.1332001332001336;;0;2.1332001332001336;46.0;46.0
"87945488-0335-4389-b5fe-5da4c6622540";"619b29e7-fa97-451c-a557-375963517455";Walt Disney;Database Administrator;"38d503b5-e663-408a-a942-affcd8c86363";Noah Freitas;4;-2.0;0.0;-3.6666666666666667;0.00000000000000000000;-1.00000000000000000000;0.00000000000000000000;510.0;0.36363636363636365;0.00000000000000000000;0.00000000000000000000;0.6153846153846154;0.9790209790209791;;0;0.9790209790209791;0.0;0.0
"87945488-0335-4389-b5fe-5da4c6622540";"619b29e7-fa97-451c-a557-375963517455";Walt Disney;Database Administrator;c89c9d0d-8398-44b8-8d2f-89be05621157;Bianca da Costa;4;-2.0;0.0;-1.00000000000000000000;0.57142857142857143163;2.0000000000000000;1.00000000000000000000;514.0;0.0;0.00000000000000000000;0.00000000000000000000;0.5384615384615384;2.10989010989011;;0;2.10989010989011;45.0;45.0
"899dd29f-06eb-4e0a-a770-b5fedcdc0bee";e4fe53b9-7577-41cd-b32b-a0ef5acb2e16;Johnson & Johnson;Quality Assurance Tester;"0f4f55f5-4170-400f-985d-9830221ebadc";Sofia Lima;2;2.0;0.0;1.00000000000000000000;1.00000000000000000000;0.33333333333333333333;0.00000000000000000000;458.0;0.0;1.00000000000000000000;1.00000000000000000000;0.0;2.0;;0;2.0;0.0;0.0
"899dd29f-06eb-4e0a-a770-b5fedcdc0bee";e4fe53b9-7577-41cd-b32b-a0ef5acb2e16;Johnson & Johnson;Quality Assurance Tester;"4e9fd98d-c16c-4136-a2f0-2403f889be06";Yasmin Gonçalves;2;2.0;0.0;-8.0000000000000000;0.00000000000000000000;3.0000000000000000;1.00000000000000000000;456.0;1.0;0.00000000000000000000;0.00000000000000000000;0.0;2.0;;0;2.0;0.0;0.0
"8a03cf34-572c-4c2f-ae11-2ac6023457c1";a647d37b-2089-4285-ab72-44c024e8117c;ExxonMobil;Database Administrator;"38d503b5-e663-408a-a942-affcd8c86363";Noah Freitas;3;2.0;0.0;-4.0000000000000000;0.00000000000000000000;0.00000000000000000000;0.00000000000000000000;447.0;1.0;0.00000000000000000000;0.00000000000000000000;0.6153846153846154;1.6153846153846154;;0;1.6153846153846154;0.0;0.0
"8a03cf34-572c-4c2f-ae11-2ac6023457c1";a647d37b-2089-4285-ab72-44c024e8117c;ExxonMobil;Database Administrator;"73e524a4-9a2e-491e-9903-9b0a9220f741";Enrico Ramos;3;2.0;0.0;1.00000000000000000000;0.55555555555555555556;8.0000000000000000;1.00000000000000000000;450.0;0.25;0.00000000000000000000;0.00000000000000000000;0.5;2.3055555555555554;;0;2.3055555555555554;100.0;100.0
"8a03cf34-572c-4c2f-ae11-2ac6023457c1";a647d37b-2089-4285-ab72-44c024e8117c;ExxonMobil;Database Administrator;c89c9d0d-8398-44b8-8d2f-89be05621157;Bianca da Costa;3;2.0;0.0;5.0000000000000000;1.00000000000000000000;5.0000000000000000;0.62500000000000000000;451.0;0.0;0.00000000000000000000;0.00000000000000000000;0.5384615384615384;2.1634615384615383;;0;2.1634615384615383;79.0;79.0
"8bba99d3-2045-4733-bf72-68072a528d6e";"9255fd2a-09fa-40a8-8abb-ba392130969e";Merck;Desenvolvedor web;"597a667d-8489-4ee0-8969-60f4a599a84f";Davi Dias;2;-1.0;0.0;-7.0000000000000000;0;-2.0000000000000000;1.00000000000000000000;505.0;1.0;0.00000000000000000000;0.00000000000000000000;1.0;3.0;;0;3.0;100.0;100.0
"8bba99d3-2045-4733-bf72-68072a528d6e";"9255fd2a-09fa-40a8-8abb-ba392130969e";Merck;Desenvolvedor web;"72e6c1fe-ee25-4a1f-a825-c5ff5ace667b";Luna Lopes;2;-1.0;0.0;-7.0000000000000000;0;-5.0000000000000000;0.00000000000000000000;510.0;0.0;1.00000000000000000000;1.00000000000000000000;0.0;1.0;;0;1.0;0.0;0.0
"8c5b5c08-b1ba-4744-a750-98e5a43b8aa4";bfcc4408-e96d-4a08-a9b0-27adbadbc735;Microsoft;Network Engineer;"57e4b0ac-cf0a-433f-a22b-6106a5cd00c8";Sofia Costa;2;-1.0;0.0;-1.00000000000000000000;1.00000000000000000000;0.00000000000000000000;0;465.0;0.0;0.00000000000000000000;0.00000000000000000000;0.0;1.0;;0;1.0;0.0;0.0
"8c5b5c08-b1ba-4744-a750-98e5a43b8aa4";bfcc4408-e96d-4a08-a9b0-27adbadbc735;Microsoft;Network Engineer;"7e343995-7f8f-4911-8946-5a6a2debe1d0";Leandro Nunes;2;-1.0;0.0;-2.5000000000000000;0.00000000000000000000;0.00000000000000000000;0;454.0;1.0;0.00000000000000000000;0.00000000000000000000;0.6923076923076923;1.6923076923076923;;0;1.6923076923076923;100.0;100.0
"8cc8e389-590c-4079-aa4e-2af323377e77";"619b29e7-fa97-451c-a557-375963517455";Walt Disney;CIO;"5d25327a-cf17-4d07-960a-6eaa929c578d";Sr. Carlos Eduardo Costela;1;0.0;0.0;-4.0000000000000000;0;0.00000000000000000000;0;536.0;0.0;0.00000000000000000000;0.00000000000000000000;0.3076923076923077;0.3076923076923077;;0;0.3076923076923077;0.0;0.0
"8df830e6-22a3-413f-b812-11baf7bcbaed";"4770de8e-37bb-4488-9389-7614d1cf074e";Samsung;Database Administrator;"38d503b5-e663-408a-a942-affcd8c86363";Noah Freitas;2;-1.0;0.0;-3.0000000000000000;0.00000000000000000000;2.0000000000000000;1.00000000000000000000;429.0;1.0;1.00000000000000000000;1.00000000000000000000;0.6153846153846154;3.6153846153846154;;0;3.6153846153846154;100.0;100.0
"8df830e6-22a3-413f-b812-11baf7bcbaed";"4770de8e-37bb-4488-9389-7614d1cf074e";Samsung;Database Administrator;"73e524a4-9a2e-491e-9903-9b0a9220f741";Enrico Ramos;2;-1.0;0.0;5.0000000000000000;1.00000000000000000000;-3.0000000000000000;0.00000000000000000000;432.0;0.0;0.00000000000000000000;0.00000000000000000000;0.5;1.5;;0;1.5;0.0;0.0
"8ea25563-445a-4f0a-bee0-a777fcca87c8";d14cbcaf-efc5-43e8-8af4-697f81a067c5;Toyota Motor;Programador JAVASCRIPT;"651f0d0a-24eb-4607-9c36-48b4add211a2";Vitor Gonçalves;1;2.0;0.0;-3.0000000000000000;0;-3.0000000000000000;0;515.0;0.0;0.00000000000000000000;0.00000000000000000000;0.5961538461538461;0.5961538461538461;;0;0.5961538461538461;0.0;0.0
"8fb9ad1a-a140-4f91-8416-2803259b40be";a647d37b-2089-4285-ab72-44c024e8117c;ExxonMobil;Machine Learning Engineer;"04be5667-f098-48bb-9eab-53312b08a991";Pietro Costa;2;2.0;0.0;-1.00000000000000000000;1.00000000000000000000;2.0000000000000000;1.00000000000000000000;519.0;0.0;0.00000000000000000000;0.00000000000000000000;0.5604395604395604;2.5604395604395602;;0;2.5604395604395602;100.0;100.0
"8fb9ad1a-a140-4f91-8416-2803259b40be";a647d37b-2089-4285-ab72-44c024e8117c;ExxonMobil;Machine Learning Engineer;"6ada3bde-984e-4a9c-bff7-78428344b882";Valentina Barbosa;2;2.0;0.0;-4.5000000000000000;0.00000000000000000000;1.00000000000000000000;0.00000000000000000000;506.0;1.0;1.00000000000000000000;1.00000000000000000000;0.0;2.0;;0;2.0;0.0;0.0
"94f64e1a-00b6-4b66-8f1f-ec9e6b704c1f";"9255fd2a-09fa-40a8-8abb-ba392130969e";Merck;Data Architect;fee530fc-2b22-4dcd-a983-437d734cfaef;Ana Ribeiro;1;-1.0;0.0;-0.50000000000000000000;0;-2.5000000000000000;0;548.0;0.0;0.00000000000000000000;0.00000000000000000000;0.38461538461538464;0.38461538461538464;;0;0.38461538461538464;0.0;0.0
"954d71b6-e81a-488f-a5e5-1b91777cc030";"5caae62d-e3ae-4485-aff1-29eee5c1d910";Cisco Systems;Network Administrator;"5177ad6a-3198-434d-903f-2d399299c592";Erick Teixeira;2;1.0;0.0;3.0000000000000000;1.00000000000000000000;2.0000000000000000;1.00000000000000000000;487.0;1.0;0.00000000000000000000;0.00000000000000000000;0.34615384615384615;3.3461538461538463;;0;3.3461538461538463;100.0;100.0
"954d71b6-e81a-488f-a5e5-1b91777cc030";"5caae62d-e3ae-4485-aff1-29eee5c1d910";Cisco Systems;Network Administrator;"965d785a-23c0-4c64-a005-b8b357e10dac";Marcelo Carvalho;2;1.0;0.0;2.0000000000000000;0.00000000000000000000;1.3333333333333333;0.0000000000000000;491.0;0.0;0.00000000000000000000;0.00000000000000000000;0.07692307692307693;0.07692307692307693;;0;0.07692307692307693;0.0;0.0
"995b02ee-57e3-4af3-8077-9acd36e24c41";"619b29e7-fa97-451c-a557-375963517455";Walt Disney;Quality Assurance Tester;"0f4f55f5-4170-400f-985d-9830221ebadc";Sofia Lima;2;1.0;0.0;5.0000000000000000;1.00000000000000000000;-2.0000000000000000;0.00000000000000000000;519.0;0.0;0.00000000000000000000;0.00000000000000000000;0.0;1.0;;0;1.0;0.0;0.0
"995b02ee-57e3-4af3-8077-9acd36e24c41";"619b29e7-fa97-451c-a557-375963517455";Walt Disney;Quality Assurance Tester;"4e9fd98d-c16c-4136-a2f0-2403f889be06";Yasmin Gonçalves;2;1.0;0.0;2.0000000000000000;0.00000000000000000000;4.0000000000000000;1.00000000000000000000;517.0;1.0;0.00000000000000000000;0.00000000000000000000;0.0;2.0;;0;2.0;100.0;100.0
"99f21648-e549-4422-b372-4b25550c07fd";"8f99c155-0bed-4e69-aaf4-90e42b9a2b4f";Apple;IT Security Specialist;"8bb09938-ebcb-48e7-ac57-cc7160797f61";Sr. Enrico Viana;1;4.0;0.0;-5.0000000000000000;0;-4.0000000000000000;0;497.0;0.0;0.00000000000000000000;0.00000000000000000000;0.46153846153846156;0.46153846153846156;;0;0.46153846153846156;0.0;0.0
"9b2616cb-4ab5-4e30-937e-16d2098d23d2";"405fbbc4-280a-4ba9-9591-1f588f55317c";Coca-Cola;Network Engineer;"7e343995-7f8f-4911-8946-5a6a2debe1d0";Leandro Nunes;1;-2.0;0.0;-1.00000000000000000000;0;2.0000000000000000;0;409.0;0.0;0.00000000000000000000;0.00000000000000000000;0.6923076923076923;0.6923076923076923;;0;0.6923076923076923;0.0;0.0
"9b48cc11-d577-4977-9fc4-c522dc97835b";d14cbcaf-efc5-43e8-8af4-697f81a067c5;Toyota Motor;UI/UX;e487ba44-7b6b-4aa9-9002-0d55f3dd31fe;Pedro Miguel Teixeira;1;-6.0;0.0;6.0000000000000000;0;-5.0000000000000000;0;514.0;0.0;0.00000000000000000000;0.00000000000000000000;0.0;0.0;;0;0.0;0.0;0.0
"9c46aea2-0283-455c-b426-fa8c722c760c";"4770de8e-37bb-4488-9389-7614d1cf074e";Samsung;Machine Learning Engineer;"2864aae7-aaf6-4cb9-8a56-de1c912a9e06";Enrico Rocha;1;0.0;0.0;-3.0000000000000000;0;8.0000000000000000;0;589.0;0.0;0.00000000000000000000;0.00000000000000000000;0.5;0.5;;0;0.5;0.0;0.0
a0f68c55-ad1e-4243-98d5-d3249434ae9a;"619b29e7-fa97-451c-a557-375963517455";Walt Disney;BlockChain Engineer;"26c04202-d8d7-45a9-a1af-9214344fd37b";Sr. Theo Alves;1;0.0;0.0;4.0000000000000000;0;2.0000000000000000;0;457.0;0.0;0.00000000000000000000;0.00000000000000000000;0.6153846153846154;0.6153846153846154;;0;0.6153846153846154;0.0;0.0
a7a51803-6243-463c-a736-3ea4a9ad8aa6;"9255fd2a-09fa-40a8-8abb-ba392130969e";Merck;Arquiteto de Cloud;afa68db6-760a-4ef7-aa31-1aac4369d21f;Ana Beatriz Moura;1;0.0;0.0;-1.00000000000000000000;0;-3.0000000000000000;0;551.0;0.0;0.00000000000000000000;0.00000000000000000000;0.0;0.0;;0;0.0;0.0;0.0
a835aa60-901c-4ccb-bd84-3bb7493460f1;a647d37b-2089-4285-ab72-44c024e8117c;ExxonMobil;UI/UX;e487ba44-7b6b-4aa9-9002-0d55f3dd31fe;Pedro Miguel Teixeira;1;-2.0;0.0;0.00000000000000000000;0;0.00000000000000000000;0;560.0;0.0;0.00000000000000000000;0.00000000000000000000;0.0;0.0;;0;0.0;0.0;0.0
a84d89ee-c8df-4a02-8236-f56e2e55e141;a647d37b-2089-4285-ab72-44c024e8117c;ExxonMobil;Quality Assurance Tester;"0f4f55f5-4170-400f-985d-9830221ebadc";Sofia Lima;2;0.0;0.0;-1.00000000000000000000;1.00000000000000000000;-7.0000000000000000;0.00000000000000000000;489.0;0.0;0.00000000000000000000;0.00000000000000000000;0.0;1.0;;0;1.0;0.0;0.0
a84d89ee-c8df-4a02-8236-f56e2e55e141;a647d37b-2089-4285-ab72-44c024e8117c;ExxonMobil;Quality Assurance Tester;"4e9fd98d-c16c-4136-a2f0-2403f889be06";Yasmin Gonçalves;2;0.0;0.0;-2.5000000000000000;0.00000000000000000000;2.0000000000000000;1.00000000000000000000;487.0;1.0;0.00000000000000000000;0.00000000000000000000;0.0;2.0;;0;2.0;100.0;100.0
a9199cbf-29f7-465e-ada8-85bdab0d4dea;"8f99c155-0bed-4e69-aaf4-90e42b9a2b4f";Apple;DevOps;"71de7fd4-63a9-49b9-ba2e-d9f83735727b";Dr. Davi Luiz Duarte;1;-1.0;0.0;5.0000000000000000;0;0.00000000000000000000;0;558.0;0.0;1.00000000000000000000;1.00000000000000000000;0.8461538461538461;1.8461538461538463;;0;1.8461538461538463;0.0;0.0
ab29959d-d122-487f-8e65-6ee39fd8c70d;"619b29e7-fa97-451c-a557-375963517455";Walt Disney;Engenheiro de Big Data;"526df4e1-186c-45f7-865e-ca9dae787868";Candidato 100%;2;4.0;1.0;1.00000000000000000000;1.00000000000000000000;3.6666666666666667;1.00000000000000000000;50.0;1.0;0.00000000000000000000;0.00000000000000000000;0.6153846153846154;4.615384615384615;4.615384615384615;0;4.615384615384615;100.0;100.0
ab29959d-d122-487f-8e65-6ee39fd8c70d;"619b29e7-fa97-451c-a557-375963517455";Walt Disney;Engenheiro de Big Data;"5748ef89-1bd4-4148-93f7-ba86011a8174";Laura Barbosa;2;0.0;0.0;-1.00000000000000000000;0.00000000000000000000;-3.0000000000000000;0.00000000000000000000;460.0;0.0;0.00000000000000000000;0.00000000000000000000;0.5384615384615384;0.5384615384615384;4.615384615384615;0;0.5384615384615384;0.0;0.0
af419ce3-c331-40ff-9ba8-7ae540cf18a4;"9255fd2a-09fa-40a8-8abb-ba392130969e";Merck;Web Developer;"530c70ac-6011-4e6b-acf0-8f079e314b7c";Ana Clara da Conceição;2;-2.0;0.0;-0.66666666666666666667;1.00000000000000000000;0.66666666666666666667;0.00000000000000000000;538.0;0.0;0.00000000000000000000;0.00000000000000000000;0.0;1.0;;0;1.0;0.0;0.0
af419ce3-c331-40ff-9ba8-7ae540cf18a4;"9255fd2a-09fa-40a8-8abb-ba392130969e";Merck;Web Developer;f4877609-36e0-4396-8411-382d4cd25c51;Kaique Ribeiro;2;-2.0;0.0;-1.5000000000000000;0.00000000000000000000;2.0000000000000000;1.00000000000000000000;532.0;1.0;0.00000000000000000000;0.00000000000000000000;0.43956043956043955;2.4395604395604398;;0;2.4395604395604398;100.0;100.0
af68ed24-2e4f-4c36-892f-f61042a9ed7c;a647d37b-2089-4285-ab72-44c024e8117c;ExxonMobil;Arquiteto de Cloud;afa68db6-760a-4ef7-aa31-1aac4369d21f;Ana Beatriz Moura;1;-1.0;0.0;-1.00000000000000000000;0;0.00000000000000000000;0;588.0;0.0;0.00000000000000000000;0.00000000000000000000;0.0;0.0;;0;0.0;0.0;0.0
b332cbc7-199e-4cd7-bb26-e7ca10c736ed;e4fe53b9-7577-41cd-b32b-a0ef5acb2e16;Johnson & Johnson;Programador JAVA;e5c4ff35-3683-4bf1-a495-361126f0ccbc;Arthur Barbosa;1;5.0;0.0;6.0000000000000000;0;4.0000000000000000;0;474.0;0.0;0.00000000000000000000;0.00000000000000000000;0.23076923076923078;0.23076923076923078;;0;0.23076923076923078;0.0;0.0
b49a0583-b360-4bfa-bb5a-e453b1647926;"4770de8e-37bb-4488-9389-7614d1cf074e";Samsung;Engenheiro de Big Data;"71fd8748-86dc-491c-87f7-357f32cd77f1";Luiz Felipe Fogaça;1;-3.0;0.0;-2.0000000000000000;0;-5.0000000000000000;0;514.0;0.0;0.00000000000000000000;0.00000000000000000000;0.46153846153846156;0.46153846153846156;;0;0.46153846153846156;0.0;0.0
b4c56b04-2bdd-4477-881b-ec6835696682;"5caae62d-e3ae-4485-aff1-29eee5c1d910";Cisco Systems;Engenheiro de Big Data;"71fd8748-86dc-491c-87f7-357f32cd77f1";Luiz Felipe Fogaça;1;0.0;0.0;0.00000000000000000000;0;0.00000000000000000000;0;574.0;0.0;0.00000000000000000000;0.00000000000000000000;0.46153846153846156;0.46153846153846156;;0;0.46153846153846156;0.0;0.0
b85d7464-8389-4edf-ba15-d99205e2bea5;e4fe53b9-7577-41cd-b32b-a0ef5acb2e16;Johnson & Johnson;Web Developer;"530c70ac-6011-4e6b-acf0-8f079e314b7c";Ana Clara da Conceição;2;-5.0;0.0;-1.5000000000000000;0.00000000000000000000;6.5000000000000000;1.00000000000000000000;454.0;0.0;0.00000000000000000000;0.00000000000000000000;0.0;1.0;;0;1.0;0.0;0.0
b85d7464-8389-4edf-ba15-d99205e2bea5;e4fe53b9-7577-41cd-b32b-a0ef5acb2e16;Johnson & Johnson;Web Developer;f4877609-36e0-4396-8411-382d4cd25c51;Kaique Ribeiro;2;-5.0;0.0;2.5000000000000000;1.00000000000000000000;1.5000000000000000;0.00000000000000000000;448.0;1.0;1.00000000000000000000;1.00000000000000000000;0.43956043956043955;3.4395604395604398;;0;3.4395604395604398;100.0;100.0
b8c798b9-49b8-489c-93c7-01b1976689af;"619b29e7-fa97-451c-a557-375963517455";Walt Disney;Arquiteto de Cloud;afa68db6-760a-4ef7-aa31-1aac4369d21f;Ana Beatriz Moura;1;0.0;0.0;5.0000000000000000;0;-1.00000000000000000000;0;491.0;0.0;0.00000000000000000000;0.00000000000000000000;0.0;0.0;;0;0.0;0.0;0.0
b97f3cd6-3402-4f16-b509-3d3160deaef7;a647d37b-2089-4285-ab72-44c024e8117c;ExxonMobil;IT Security Specialist;"6984421f-896a-481e-96de-513c114fc2b2";Luigi da Mota;1;2.0;0.0;2.5000000000000000;0;-1.00000000000000000000;0;530.0;0.0;0.00000000000000000000;0.00000000000000000000;0.0;0.0;;0;0.0;0.0;0.0
c17a9dcf-83e9-406e-8aa4-2ed6232266bd;d14cbcaf-efc5-43e8-8af4-697f81a067c5;Toyota Motor;Arquiteto de Cloud;afa68db6-760a-4ef7-aa31-1aac4369d21f;Ana Beatriz Moura;1;1.0;0.0;-5.0000000000000000;0;5.0000000000000000;0;391.0;0.0;0.00000000000000000000;0.00000000000000000000;0.0;0.0;;0;0.0;0.0;0.0
c17f3ecb-e061-421e-9a4f-ac9e375a9144;"405fbbc4-280a-4ba9-9591-1f588f55317c";Coca-Cola;Developer;"25aec70d-d43b-4829-be8d-477b8e399ed4";Alice Novaes;2;-2.0;0.0;0.50000000000000000000;1.00000000000000000000;3.0000000000000000;1.00000000000000000000;504.0;1.0;1.00000000000000000000;1.00000000000000000000;0.5769230769230769;4.576923076923077;;0;4.576923076923077;100.0;100.0
c17f3ecb-e061-421e-9a4f-ac9e375a9144;"405fbbc4-280a-4ba9-9591-1f588f55317c";Coca-Cola;Developer;a834ec44-a403-4a75-8d46-22fc667a4619;Henrique Pires;2;-2.0;0.0;-2.0000000000000000;0.00000000000000000000;1.00000000000000000000;0.00000000000000000000;511.0;0.0;0.00000000000000000000;0.00000000000000000000;0.6153846153846154;0.6153846153846154;;0;0.6153846153846154;0.0;0.0
c30e8594-f2f4-4722-a2a9-15e8a4d6518d;bfcc4408-e96d-4a08-a9b0-27adbadbc735;Microsoft;Desenvolvedor web;"597a667d-8489-4ee0-8969-60f4a599a84f";Davi Dias;2;4.0;0.0;3.0000000000000000;1.00000000000000000000;0.50000000000000000000;1.00000000000000000000;568.0;1.0;1.00000000000000000000;1.00000000000000000000;1.0;5.0;;0;5.0;100.0;100.0
c30e8594-f2f4-4722-a2a9-15e8a4d6518d;bfcc4408-e96d-4a08-a9b0-27adbadbc735;Microsoft;Desenvolvedor web;"72e6c1fe-ee25-4a1f-a825-c5ff5ace667b";Luna Lopes;2;4.0;0.0;-4.0000000000000000;0.00000000000000000000;-0.50000000000000000000;0.00000000000000000000;573.0;0.0;0.00000000000000000000;0.00000000000000000000;0.0;0.0;;0;0.0;0.0;0.0
c3a154a5-4167-4756-872a-1083ccbc5b0d;a647d37b-2089-4285-ab72-44c024e8117c;ExxonMobil;Developer;"25aec70d-d43b-4829-be8d-477b8e399ed4";Alice Novaes;1;-2.0;0.0;3.0000000000000000;0;6.0000000000000000;0;484.0;0.0;0.00000000000000000000;0.00000000000000000000;0.5769230769230769;0.5769230769230769;;0;0.5769230769230769;0.0;0.0
c3aad62f-b719-4281-8c52-b93cc218a3f8;"405fbbc4-280a-4ba9-9591-1f588f55317c";Coca-Cola;Web Developer;"530c70ac-6011-4e6b-acf0-8f079e314b7c";Ana Clara da Conceição;1;-3.0;0.0;1.00000000000000000000;0;-1.00000000000000000000;0;530.0;0.0;0.00000000000000000000;0.00000000000000000000;0.0;0.0;;0;0.0;0.0;0.0
c48dbc12-77ff-48ae-bb37-99a266af9f5c;a647d37b-2089-4285-ab72-44c024e8117c;ExxonMobil;Web Developer;"48389c06-f272-4db3-a776-064e1eaeac72";Lucas Rocha;3;2.0;0.0;-1.00000000000000000000;0.39999999999999999400;-3.0000000000000000;0.00000000000000000000;589.0;1.0;1.00000000000000000000;1.00000000000000000000;0.4807692307692308;2.8807692307692307;;0;2.8807692307692307;100.0;100.0
c48dbc12-77ff-48ae-bb37-99a266af9f5c;a647d37b-2089-4285-ab72-44c024e8117c;ExxonMobil;Web Developer;"530c70ac-6011-4e6b-acf0-8f079e314b7c";Ana Clara da Conceição;3;2.0;0.0;1.00000000000000000000;1.00000000000000000000;4.5000000000000000;1.00000000000000000000;597.0;0.0;0.00000000000000000000;0.00000000000000000000;0.0;2.0;;0;2.0;36.0;36.0
c48dbc12-77ff-48ae-bb37-99a266af9f5c;a647d37b-2089-4285-ab72-44c024e8117c;ExxonMobil;Web Developer;f4877609-36e0-4396-8411-382d4cd25c51;Kaique Ribeiro;3;2.0;0.0;-2.3333333333333333;0.00000000000000000000;-0.66666666666666666667;0.31111111111111111111;591.0;0.75;0.00000000000000000000;0.00000000000000000000;0.43956043956043955;1.5006715506715507;;0;1.5006715506715507;0.0;0.0
c524a223-9d43-4abd-8a79-fba36c234f74;bfcc4408-e96d-4a08-a9b0-27adbadbc735;Microsoft;Engenheiro de Big Data;"71fd8748-86dc-491c-87f7-357f32cd77f1";Luiz Felipe Fogaça;1;-2.0;0.0;0.50000000000000000000;0;-1.5000000000000000;0;526.0;0.0;0.00000000000000000000;0.00000000000000000000;0.46153846153846156;0.46153846153846156;;0;0.46153846153846156;0.0;0.0
c52ec89d-c523-4b5c-9c6e-25ce2d5f4431;"9255fd2a-09fa-40a8-8abb-ba392130969e";Merck;Quality Assurance Tester;"0f4f55f5-4170-400f-985d-9830221ebadc";Sofia Lima;2;4.0;0.0;4.5000000000000000;1.00000000000000000000;-3.0000000000000000;0;494.0;0.0;1.00000000000000000000;1.00000000000000000000;0.0;2.0;;0;2.0;100.0;100.0
c52ec89d-c523-4b5c-9c6e-25ce2d5f4431;"9255fd2a-09fa-40a8-8abb-ba392130969e";Merck;Quality Assurance Tester;"4e9fd98d-c16c-4136-a2f0-2403f889be06";Yasmin Gonçalves;2;4.0;0.0;-3.0000000000000000;0.00000000000000000000;-3.0000000000000000;0;492.0;1.0;0.00000000000000000000;0.00000000000000000000;0.0;1.0;;0;1.0;0.0;0.0
c5826baa-88ff-42ba-adb4-20933f428ba3;bfcc4408-e96d-4a08-a9b0-27adbadbc735;Microsoft;Arquiteto de Cloud;afa68db6-760a-4ef7-aa31-1aac4369d21f;Ana Beatriz Moura;1;-1.0;0.0;2.5000000000000000;0;1.5000000000000000;0;541.0;0.0;0.00000000000000000000;0.00000000000000000000;0.0;0.0;;0;0.0;0.0;0.0
c76e18eb-1fd8-4a8b-ae7b-bc663eb9379f;"8f99c155-0bed-4e69-aaf4-90e42b9a2b4f";Apple;CFO;"59795efa-3a10-4736-a5dd-38cff342c667";Luiz Miguel da Paz;1;-1.0;0.0;-5.0000000000000000;0;-1.00000000000000000000;0;495.0;0.0;0.00000000000000000000;0.00000000000000000000;0.4230769230769231;0.4230769230769231;;0;0.4230769230769231;0.0;0.0
ccefbd3f-cf7c-4053-8694-aba1d4e10cee;"9255fd2a-09fa-40a8-8abb-ba392130969e";Merck;IT Security Specialist;"6984421f-896a-481e-96de-513c114fc2b2";Luigi da Mota;1;1.0;0.0;-7.0000000000000000;0;-5.0000000000000000;0;533.0;0.0;0.00000000000000000000;0.00000000000000000000;0.0;0.0;;0;0.0;0.0;0.0
cd35ee0c-364a-4661-b27c-ac3abcb793bd;bfcc4408-e96d-4a08-a9b0-27adbadbc735;Microsoft;Developer Full Stack;"1e8a3f22-3c91-466f-bff9-6fa5eef300ad";Murilo Cunha;1;-1.0;0.0;0.00000000000000000000;0;-6.0000000000000000;0;448.0;0.0;0.00000000000000000000;0.00000000000000000000;0.4725274725274725;0.4725274725274725;;0;0.4725274725274725;0.0;0.0
cd44d7cc-1bbd-426c-947d-6df25b20ff76;"5caae62d-e3ae-4485-aff1-29eee5c1d910";Cisco Systems;Software Engineer;"681247bb-ae9b-4adf-868b-738c21130333";Dr. Antônio Carvalho;1;1.0;0.0;4.0000000000000000;0;0.00000000000000000000;0;607.0;0.0;1.00000000000000000000;1.00000000000000000000;0.39743589743589747;1.3974358974358974;;0;1.3974358974358974;0.0;0.0
cdba48d9-c49e-4e5d-90f1-9e9bef57344d;"405fbbc4-280a-4ba9-9591-1f588f55317c";Coca-Cola;Arquiteto de Cloud;afa68db6-760a-4ef7-aa31-1aac4369d21f;Ana Beatriz Moura;1;-2.0;0.0;4.0000000000000000;0;-3.0000000000000000;0;575.0;0.0;0.00000000000000000000;0.00000000000000000000;0.0;0.0;;0;0.0;0.0;0.0
ce318461-415b-48d8-b483-0745b4a74a19;bfcc4408-e96d-4a08-a9b0-27adbadbc735;Microsoft;IT Director;"1a66f8ce-6849-452b-9c98-b06e41597c46";Isabel Cavalcanti;1;0.0;0.0;-2.0000000000000000;0;-7.0000000000000000;0;547.0;0.0;0.00000000000000000000;0.00000000000000000000;0.5494505494505494;0.5494505494505494;;0;0.5494505494505494;0.0;0.0
cf45b584-e2f5-40a7-b743-69edbd3d9fe9;bfcc4408-e96d-4a08-a9b0-27adbadbc735;Microsoft;Machine Learning Engineer;"04be5667-f098-48bb-9eab-53312b08a991";Pietro Costa;3;4.0;0.0;-3.0000000000000000;0.00000000000000000000;-1.00000000000000000000;0.00000000000000000000;476.0;0.0714285714285714;1.00000000000000000000;1.00000000000000000000;0.5604395604395604;1.6318681318681318;;0;1.6318681318681318;0.0;0.0
cf45b584-e2f5-40a7-b743-69edbd3d9fe9;bfcc4408-e96d-4a08-a9b0-27adbadbc735;Microsoft;Machine Learning Engineer;"2864aae7-aaf6-4cb9-8a56-de1c912a9e06";Enrico Rocha;3;4.0;0.0;-1.00000000000000000000;0.66666666666666666667;8.0000000000000000;1.00000000000000000000;477.0;0.0;0.00000000000000000000;0.00000000000000000000;0.5;2.1666666666666665;;0;2.1666666666666665;91.0;91.0
cf45b584-e2f5-40a7-b743-69edbd3d9fe9;bfcc4408-e96d-4a08-a9b0-27adbadbc735;Microsoft;Machine Learning Engineer;"6ada3bde-984e-4a9c-bff7-78428344b882";Valentina Barbosa;3;4.0;0.0;0.00000000000000000000;1.00000000000000000000;1.00000000000000000000;0.22222222222222222222;463.0;1.0;0.00000000000000000000;0.00000000000000000000;0.0;2.2222222222222223;;0;2.2222222222222223;100.0;100.0
d40d22a4-9ae6-448d-80b2-f44210792453;"9255fd2a-09fa-40a8-8abb-ba392130969e";Merck;Developer;"25aec70d-d43b-4829-be8d-477b8e399ed4";Alice Novaes;1;0.0;0.0;-6.0000000000000000;0;5.0000000000000000;0;465.0;0.0;0.00000000000000000000;0.00000000000000000000;0.5769230769230769;0.5769230769230769;;0;0.5769230769230769;0.0;0.0
d72ccc58-276b-438e-8c5f-077fd5560016;"405fbbc4-280a-4ba9-9591-1f588f55317c";Coca-Cola;Network Administrator;"5177ad6a-3198-434d-903f-2d399299c592";Erick Teixeira;2;4.0;0.0;-2.0000000000000000;0;4.0000000000000000;0;427.0;1.0;1.00000000000000000000;1.00000000000000000000;0.34615384615384615;2.3461538461538463;;0;2.3461538461538463;100.0;100.0
d72ccc58-276b-438e-8c5f-077fd5560016;"405fbbc4-280a-4ba9-9591-1f588f55317c";Coca-Cola;Network Administrator;"965d785a-23c0-4c64-a005-b8b357e10dac";Marcelo Carvalho;2;4.0;0.0;-2.0000000000000000;0;4.0000000000000000;0;431.0;0.0;0.00000000000000000000;0.00000000000000000000;0.07692307692307693;0.07692307692307693;;0;0.07692307692307693;0.0;0.0
dcd5b934-75c2-4854-9b90-176ed50fd88a;e4fe53b9-7577-41cd-b32b-a0ef5acb2e16;Johnson & Johnson;Data Scientist;"10e21a11-ff78-48e9-894a-e97b32f63b9a";Bruno Silva;1;2.0;0.0;-3.0000000000000000;0;4.0000000000000000;0;418.0;0.0;1.00000000000000000000;1.00000000000000000000;0.0;1.0;;0;1.0;0.0;0.0
dd66be80-85e4-43f6-9c5d-7c5196655e20;"619b29e7-fa97-451c-a557-375963517455";Walt Disney;Desenvolvedor web;"72e6c1fe-ee25-4a1f-a825-c5ff5ace667b";Luna Lopes;1;7.0;0.0;-0.50000000000000000000;0;-1.00000000000000000000;0;551.0;0.0;0.00000000000000000000;0.00000000000000000000;0.0;0.0;;0;0.0;0.0;0.0
ded8f704-4e93-4da5-a105-38e032673b77;e4fe53b9-7577-41cd-b32b-a0ef5acb2e16;Johnson & Johnson;Network Engineer;"57e4b0ac-cf0a-433f-a22b-6106a5cd00c8";Sofia Costa;3;-2.0;0.0;4.0000000000000000;1.00000000000000000000;-6.0000000000000000;0.00000000000000000000;613.0;0.0;0.00000000000000000000;0.00000000000000000000;0.0;1.0;;0;1.0;0.0;0.0
ded8f704-4e93-4da5-a105-38e032673b77;e4fe53b9-7577-41cd-b32b-a0ef5acb2e16;Johnson & Johnson;Network Engineer;"5e0f5d1c-4e44-4eac-a1a3-65232cf65b3c";Thiago Moura;3;-2.0;0.0;-2.0000000000000000;0.00000000000000000000;-1.00000000000000000000;0.71428571428571428571;612.0;0.09090909090909094;0.00000000000000000000;0.00000000000000000000;0.3736263736263736;1.1788211788211789;;0;1.1788211788211789;6.0;6.0
ded8f704-4e93-4da5-a105-38e032673b77;e4fe53b9-7577-41cd-b32b-a0ef5acb2e16;Johnson & Johnson;Network Engineer;"7e343995-7f8f-4911-8946-5a6a2debe1d0";Leandro Nunes;3;-2.0;0.0;1.00000000000000000000;0.50000000000000000000;1.00000000000000000000;1.00000000000000000000;602.0;1.0;1.00000000000000000000;1.00000000000000000000;0.6923076923076923;4.1923076923076925;;0;4.1923076923076925;100.0;100.0
dfb9f6c3-b332-47b3-911b-d6b955b57c4e;bfcc4408-e96d-4a08-a9b0-27adbadbc735;Microsoft;System Administrator;"632e8f41-496c-42bd-b334-66ca8af0924e";Bianca Ferreira;1;-1.0;0.0;-2.0000000000000000;0;-3.0000000000000000;0;603.0;0.0;0.00000000000000000000;0.00000000000000000000;0.46153846153846156;0.46153846153846156;;0;0.46153846153846156;0.0;0.0
e07edcc5-317f-404b-961a-a9b21905b81b;"405fbbc4-280a-4ba9-9591-1f588f55317c";Coca-Cola;Programador JAVASCRIPT;"651f0d0a-24eb-4607-9c36-48b4add211a2";Vitor Gonçalves;1;2.0;0.0;-3.0000000000000000;0;-2.0000000000000000;0;476.0;0.0;0.00000000000000000000;0.00000000000000000000;0.5961538461538461;0.5961538461538461;;0;0.5961538461538461;0.0;0.0
e25d2a1e-c5d6-47e6-8892-6230933cc1b1;"4770de8e-37bb-4488-9389-7614d1cf074e";Samsung;CIO;f6f850a1-f40c-4d60-a0a4-fb7d8f70a972;Stella Barbosa;1;2.0;0.0;-7.0000000000000000;0;6.0000000000000000;0;439.0;0.0;1.00000000000000000000;1.00000000000000000000;0.39560439560439564;1.3956043956043955;;0;1.3956043956043955;0.0;0.0
e29fac48-dde7-4c01-89f9-585d2c859a1a;"9255fd2a-09fa-40a8-8abb-ba392130969e";Merck;DevOps;"71de7fd4-63a9-49b9-ba2e-d9f83735727b";Dr. Davi Luiz Duarte;1;3.0;0.0;-3.0000000000000000;0;1.00000000000000000000;0;539.0;0.0;0.00000000000000000000;0.00000000000000000000;0.8461538461538461;0.8461538461538461;;0;0.8461538461538461;0.0;0.0
e48e6bfb-522a-4e87-aadf-62e1578d12f2;bfcc4408-e96d-4a08-a9b0-27adbadbc735;Microsoft;IT Security Specialist;"6984421f-896a-481e-96de-513c114fc2b2";Luigi da Mota;2;0.0;0.0;3.0000000000000000;1.00000000000000000000;-2.0000000000000000;0;613.0;0.0;0.00000000000000000000;0.00000000000000000000;0.0;1.0;;0;1.0;100.0;100.0
e48e6bfb-522a-4e87-aadf-62e1578d12f2;bfcc4408-e96d-4a08-a9b0-27adbadbc735;Microsoft;IT Security Specialist;"8bb09938-ebcb-48e7-ac57-cc7160797f61";Sr. Enrico Viana;2;0.0;0.0;-7.0000000000000000;0.00000000000000000000;-2.0000000000000000;0;613.0;0.0;0.00000000000000000000;0.00000000000000000000;0.46153846153846156;0.46153846153846156;;0;0.46153846153846156;0.0;0.0
e52243b0-2682-4b1e-ad3c-2d8daacbf141;"619b29e7-fa97-451c-a557-375963517455";Walt Disney;Network Administrator;"5177ad6a-3198-434d-903f-2d399299c592";Erick Teixeira;2;2.0;0.0;-4.0000000000000000;0.00000000000000000000;4.0000000000000000;0.00000000000000000000;466.0;1.0;0.00000000000000000000;0.00000000000000000000;0.34615384615384615;1.3461538461538463;;0;1.3461538461538463;0.0;0.0
e52243b0-2682-4b1e-ad3c-2d8daacbf141;"619b29e7-fa97-451c-a557-375963517455";Walt Disney;Network Administrator;"965d785a-23c0-4c64-a005-b8b357e10dac";Marcelo Carvalho;2;2.0;0.0;0.50000000000000000000;1.00000000000000000000;6.5000000000000000;1.00000000000000000000;470.0;0.0;0.00000000000000000000;0.00000000000000000000;0.07692307692307693;2.076923076923077;;0;2.076923076923077;100.0;100.0
e5a9c44d-128b-4977-a8d8-e1a3d369a1f5;"405fbbc4-280a-4ba9-9591-1f588f55317c";Coca-Cola;System Administrator;"632e8f41-496c-42bd-b334-66ca8af0924e";Bianca Ferreira;1;-1.0;0.0;-2.0000000000000000;0;0.00000000000000000000;0;581.0;0.0;0.00000000000000000000;0.00000000000000000000;0.46153846153846156;0.46153846153846156;;0;0.46153846153846156;0.0;0.0
ec4d95eb-2930-42bc-87bf-f85dc5340469;"405fbbc4-280a-4ba9-9591-1f588f55317c";Coca-Cola;CIO;"5d25327a-cf17-4d07-960a-6eaa929c578d";Sr. Carlos Eduardo Costela;3;0.0;0.0;5.0000000000000000;1.00000000000000000000;-1.00000000000000000000;0.00000000000000000000;495.0;0.0;0.00000000000000000000;0.00000000000000000000;0.3076923076923077;1.3076923076923077;;0;1.3076923076923077;0.0;0.0
ec4d95eb-2930-42bc-87bf-f85dc5340469;"405fbbc4-280a-4ba9-9591-1f588f55317c";Coca-Cola;CIO;a29cda8d-a06c-4a2d-81cb-ff5dc1e4acb6;Ana Laura Oliveira;3;0.0;0.0;1.00000000000000000000;0.55555555555555555556;0.00000000000000000000;0.50000000000000000000;458.0;1.0;0.00000000000000000000;0.00000000000000000000;0.4358974358974359;2.4914529914529915;;0;2.4914529914529915;100.0;100.0
ec4d95eb-2930-42bc-87bf-f85dc5340469;"405fbbc4-280a-4ba9-9591-1f588f55317c";Coca-Cola;CIO;f6f850a1-f40c-4d60-a0a4-fb7d8f70a972;Stella Barbosa;3;0.0;0.0;-4.0000000000000000;0.00000000000000000000;1.00000000000000000000;1.00000000000000000000;482.0;0.3513513513513513;0.00000000000000000000;0.00000000000000000000;0.39560439560439564;1.7469557469557468;;0;1.7469557469557468;37.0;37.0
ecb4b8b2-10a1-4eb7-adcd-f8b4206aa214;d14cbcaf-efc5-43e8-8af4-697f81a067c5;Toyota Motor;IT Security Specialist;"6984421f-896a-481e-96de-513c114fc2b2";Luigi da Mota;2;1.0;0.0;-3.0000000000000000;1.00000000000000000000;2.0000000000000000;1.00000000000000000000;512.0;0.0;0.00000000000000000000;0.00000000000000000000;0.0;2.0;;0;2.0;100.0;100.0
ecb4b8b2-10a1-4eb7-adcd-f8b4206aa214;d14cbcaf-efc5-43e8-8af4-697f81a067c5;Toyota Motor;IT Security Specialist;"8bb09938-ebcb-48e7-ac57-cc7160797f61";Sr. Enrico Viana;2;1.0;0.0;-5.0000000000000000;0.00000000000000000000;0.00000000000000000000;0.00000000000000000000;512.0;0.0;0.00000000000000000000;0.00000000000000000000;0.46153846153846156;0.46153846153846156;;0;0.46153846153846156;0.0;0.0
eed07abf-3fad-45a6-8c62-5a589d37a098;"5caae62d-e3ae-4485-aff1-29eee5c1d910";Cisco Systems;Desenvolvedor web;"597a667d-8489-4ee0-8969-60f4a599a84f";Davi Dias;1;-1.0;0.0;-2.0000000000000000;0;5.0000000000000000;0;449.0;0.0;0.00000000000000000000;0.00000000000000000000;1.0;1.0;;0;1.0;0.0;0.0
f0311f5b-3480-44b9-8dc6-ae65c0f5d6c5;"619b29e7-fa97-451c-a557-375963517455";Walt Disney;IT Director;"1a66f8ce-6849-452b-9c98-b06e41597c46";Isabel Cavalcanti;1;-1.0;0.0;-3.3333333333333333;0;-5.0000000000000000;0;496.0;0.0;0.00000000000000000000;0.00000000000000000000;0.5494505494505494;0.5494505494505494;;0;0.5494505494505494;0.0;0.0
f0dbd2c0-fc6a-497e-863e-955126df21a6;bfcc4408-e96d-4a08-a9b0-27adbadbc735;Microsoft;Data Scientist;"10e21a11-ff78-48e9-894a-e97b32f63b9a";Bruno Silva;1;4.0;0.0;0.00000000000000000000;0;2.0000000000000000;0;434.0;0.0;0.00000000000000000000;0.00000000000000000000;0.0;0.0;;0;0.0;0.0;0.0
f0e9e248-cdf4-447e-9676-c9e381706d3e;e4fe53b9-7577-41cd-b32b-a0ef5acb2e16;Johnson & Johnson;CIO;"5d25327a-cf17-4d07-960a-6eaa929c578d";Sr. Carlos Eduardo Costela;1;2.0;0.0;-3.0000000000000000;0;-1.00000000000000000000;0;576.0;0.0;0.00000000000000000000;0.00000000000000000000;0.3076923076923077;0.3076923076923077;;0;0.3076923076923077;0.0;0.0
f1da4887-d289-4504-8432-cdb5f551ea5e;a647d37b-2089-4285-ab72-44c024e8117c;ExxonMobil;Programador JAVASCRIPT;"651f0d0a-24eb-4607-9c36-48b4add211a2";Vitor Gonçalves;1;-1.0;0.0;3.5000000000000000;0;2.5000000000000000;0;535.0;0.0;0.00000000000000000000;0.00000000000000000000;0.5961538461538461;0.5961538461538461;;0;0.5961538461538461;0.0;0.0
f363932e-2f83-4bd1-96dc-6c20e0f560fe;bfcc4408-e96d-4a08-a9b0-27adbadbc735;Microsoft;Software Engineer;"45382d93-3ec6-4a12-9505-789f943370d3";Ana Julia Santos;2;3.0;0.0;-4.0000000000000000;0.00000000000000000000;1.00000000000000000000;0;520.0;1.0;0.00000000000000000000;0.00000000000000000000;0.0;1.0;;0;1.0;0.0;0.0
f363932e-2f83-4bd1-96dc-6c20e0f560fe;bfcc4408-e96d-4a08-a9b0-27adbadbc735;Microsoft;Software Engineer;"681247bb-ae9b-4adf-868b-738c21130333";Dr. Antônio Carvalho;2;3.0;0.0;5.0000000000000000;1.00000000000000000000;1.00000000000000000000;0;530.0;0.0;0.00000000000000000000;0.00000000000000000000;0.39743589743589747;1.3974358974358974;;0;1.3974358974358974;100.0;100.0
f3cfa22f-48c3-4d73-a1db-ea046c2544b4;"619b29e7-fa97-451c-a557-375963517455";Walt Disney;Software Engineer;"45382d93-3ec6-4a12-9505-789f943370d3";Ana Julia Santos;2;0.0;0.0;-7.0000000000000000;0.00000000000000000000;-1.00000000000000000000;0.00000000000000000000;480.0;1.0;0.00000000000000000000;0.00000000000000000000;0.0;1.0;;0;1.0;0.0;0.0
f3cfa22f-48c3-4d73-a1db-ea046c2544b4;"619b29e7-fa97-451c-a557-375963517455";Walt Disney;Software Engineer;"681247bb-ae9b-4adf-868b-738c21130333";Dr. Antônio Carvalho;2;0.0;0.0;-5.0000000000000000;1.00000000000000000000;0.00000000000000000000;1.00000000000000000000;490.0;0.0;0.00000000000000000000;0.00000000000000000000;0.39743589743589747;2.3974358974358974;;0;2.3974358974358974;100.0;100.0
f6a15b06-8f77-4e37-91e5-79d19b873bd0;"4770de8e-37bb-4488-9389-7614d1cf074e";Samsung;IT Director;"1a66f8ce-6849-452b-9c98-b06e41597c46";Isabel Cavalcanti;1;-1.0;0.0;0.00000000000000000000;0;-3.0000000000000000;0;448.0;0.0;0.00000000000000000000;0.00000000000000000000;0.5494505494505494;0.5494505494505494;;0;0.5494505494505494;0.0;0.0
fa323c2b-7466-4095-96db-1cd4c03ea404;"4770de8e-37bb-4488-9389-7614d1cf074e";Samsung;Developer;"25aec70d-d43b-4829-be8d-477b8e399ed4";Alice Novaes;1;0.0;0.0;-2.0000000000000000;0;2.0000000000000000;0;554.0;0.0;0.00000000000000000000;0.00000000000000000000;0.5769230769230769;0.5769230769230769;;0;0.5769230769230769;0.0;0.0
fe0fa901-4434-4cb1-95cb-c073e73f2eec;"9255fd2a-09fa-40a8-8abb-ba392130969e";Merck;CIO;"5d25327a-cf17-4d07-960a-6eaa929c578d";Sr. Carlos Eduardo Costela;1;0.0;0.0;3.0000000000000000;0;0.00000000000000000000;0;555.0;0.0;0.00000000000000000000;0.00000000000000000000;0.3076923076923077;0.3076923076923077;;0;0.3076923076923077;0.0;0.0
fe742088-62ab-4688-8ff1-0986ab7587e7;e4fe53b9-7577-41cd-b32b-a0ef5acb2e16;Johnson & Johnson;Network Administrator;"5177ad6a-3198-434d-903f-2d399299c592";Erick Teixeira;2;1.0;0.0;-0.50000000000000000000;0.00000000000000000000;-2.0000000000000000;0.00000000000000000000;421.0;1.0;0.00000000000000000000;0.00000000000000000000;0.34615384615384615;1.3461538461538463;;0;1.3461538461538463;0.0;0.0
fe742088-62ab-4688-8ff1-0986ab7587e7;e4fe53b9-7577-41cd-b32b-a0ef5acb2e16;Johnson & Johnson;Network Administrator;"965d785a-23c0-4c64-a005-b8b357e10dac";Marcelo Carvalho;2;1.0;0.0;2.5000000000000000;1.00000000000000000000;-1.00000000000000000000;1.00000000000000000000;425.0;0.0;0.00000000000000000000;0.00000000000000000000;0.07692307692307693;2.076923076923077;;0;2.076923076923077;100.0;100.0
fec9ead5-9ff1-4d33-98c5-3d177b989945;"8f99c155-0bed-4e69-aaf4-90e42b9a2b4f";Apple;Web Developer;f4877609-36e0-4396-8411-382d4cd25c51;Kaique Ribeiro;1;-5.0;0.0;-5.0000000000000000;0;0.00000000000000000000;0;461.0;0.0;0.00000000000000000000;0.00000000000000000000;0.43956043956043955;0.43956043956043955;;0;0.43956043956043955;0.0;0.0
fefc573f-6862-4295-a9d6-76e040b382fb;bfcc4408-e96d-4a08-a9b0-27adbadbc735;Microsoft;Database Administrator;"38d503b5-e663-408a-a942-affcd8c86363";Noah Freitas;1;-1.0;0.0;-3.0000000000000000;0;-5.0000000000000000;0;541.0;0.0;0.00000000000000000000;0.00000000000000000000;0.6153846153846154;0.6153846153846154;;0;0.6153846153846154;0.0;0.0
ffb860fe-ca53-4fd8-a7ef-8869540ced4a;e4fe53b9-7577-41cd-b32b-a0ef5acb2e16;Johnson & Johnson;DevOps;"71de7fd4-63a9-49b9-ba2e-d9f83735727b";Dr. Davi Luiz Duarte;1;1.0;0.0;3.0000000000000000;0;-4.0000000000000000;0;538.0;0.0;0.00000000000000000000;0.00000000000000000000;0.8461538461538461;0.8461538461538461;;0;0.8461538461538461;0.0;0.0
