Donut ID,Donut Estimator 1,Donut Area of cross section,Donut Area of circumference circle,Donut area of central hole / Donut Area of circumscribed circle,Donut  Estimator 2,Donut  Estimator 3,Donut  Estimator 4,Donut  Estimator 5,Donut volume Estimator 6,Location,Donut Density,Donut volume
1,317.61,496.27,682.8,0.27,818.25,788.89,567.2,557.68,579.17,Mumbai,14.3,52.1
2,315.19,538.85,645.77,0.17,800.65,798.97,560.37,561.2,577.59,Mumbai,15.8,54.2
3,317.44,514.24,661.3,0.22,795.79,801.74,579.3,584.34,575.06,Mumbai,16.3,54.8
4,336.62,562.98,709.35,0.2,888.29,862.33,596.66,588.34,629.96,Mumbai,16.6,56.6
5,331.76,558.9,635.54,0.12,801.16,811.17,593.59,599.81,586.01,Mumbai,18.3,56.9
6,323.95,554.18,696.14,0.2,855.17,852.61,574.27,574.62,630.32,Mumbai,16,57.1
7,348.63,561.71,681.77,0.17,873.44,856.7,614.2,608.54,593.98,Mumbai,16.4,58.1
8,343.16,522.48,776.57,0.32,938.68,858.44,598.3,573.06,664.35,Mumbai,15.4,58.6
9,333.5,570.32,701.03,0.18,870.16,873.96,592.15,595.71,632.53,Mumbai,18.4,59.1
10,359.21,625.14,756.91,0.17,944.79,952.51,623.41,628.2,682.04,Mumbai,18.6,59.2
11,353.73,581.39,717.95,0.19,906.79,884.08,615.82,607.41,632.21,Mumbai,18.5,60.1
12,365.01,616.67,749.54,0.18,943.08,940.18,634.31,633.84,666.23,Mumbai,18.9,60.4
13,343,579.93,757.82,0.24,939.59,915.94,598.55,591.61,676.79,Mumbai,17.1,60.6
14,350.48,589.33,713.24,0.17,911.59,895.99,591.81,585.77,643.88,Mumbai,18.6,60.6
15,327.72,549.71,685.42,0.2,820.92,838,612.75,623.55,589.01,Mumbai,18.9,61.1
16,353.03,626,754.25,0.16,957.48,940.94,598.34,593.17,681.71,Mumbai,19.5,61.6
17,367.2,623.45,753.42,0.17,948.78,951.1,656.9,660.56,662.68,Mumbai,20.5,62.4
18,322.75,521.44,655.46,0.2,790.92,790.75,565.07,566.79,551.26,Mumbai,20.3,63.3
19,379.65,636.34,765.89,0.16,984.74,955.68,675.25,663.6,667.06,Mumbai,20,63.5
20,364.04,606.95,812.9,0.25,996.71,974.54,643.18,635.42,693.12,Mumbai,19.3,63.6
21,373,659.52,813.6,0.19,1021.12,1003.22,654.92,649.35,723.24,Mumbai,19.6,64.7
22,318.8,505.98,679.74,0.25,804.31,794.2,590.07,587.06,555.14,Mumbai,19.1,64.8
23,377.46,636.33,781.94,0.19,1007.08,975.91,641.56,630.35,693.98,Mumbai,19.2,65.2
24,358.81,575.5,677.94,0.15,890.45,847.96,618.24,602.36,589.12,Mumbai,19.9,65.3
25,349.59,561.16,704.36,0.2,881.5,859.82,618.16,610.87,593.15,Mumbai,19.4,65.7
26,344.01,582.88,684.33,0.15,855.99,861.37,621.81,627.23,596.26,Mumbai,20.1,65.7
27,359.58,611.88,777.38,0.21,944.72,964.89,659.42,671.11,677.78,Mumbai,20.7,66.4
28,350.42,528.33,623.69,0.15,753.63,771.39,707.5,729.18,506.77,Mumbai,23.1,66.4
29,362.51,608.25,739.29,0.18,923.14,922.27,654.5,655.73,639.45,Mumbai,19.6,66.9
30,385.04,721.98,829.85,0.13,1087.08,1067.45,645.8,640.58,754.89,Mumbai,21.1,66.9
31,333.81,560.2,648.38,0.14,818.35,817.85,600.64,601.03,586,Mumbai,21,67.2
32,384.39,659.14,793.41,0.16,1038.59,1003.08,661.35,648.72,708.81,Mumbai,19.8,67.5
33,390.18,676.87,785.01,0.14,1033.54,1007.89,678.01,667.41,704.41,Mumbai,20.4,67.7
34,336.77,566.62,724.2,0.22,872.18,882.16,612.32,618.17,619.83,Mumbai,21.5,67.9
35,345.22,587.27,723.94,0.19,892.23,893.15,632.25,633.78,632.24,Mumbai,19.4,68.3
36,373.66,658.4,778.45,0.15,979.02,989.44,662.78,669.17,699.32,Mumbai,21.3,68.3
37,367.79,652.81,772.86,0.16,982.33,985.23,649.51,652.84,698.45,Mumbai,22.5,68.6
38,336.78,534.38,713.54,0.25,863.79,864.74,612.8,615.7,620.31,Mumbai,21.5,69
39,392.5,676.18,799.69,0.15,1056.96,1023.47,689.65,677.03,716.82,Mumbai,21.6,69.1
40,362.91,590.94,712.76,0.17,908.75,895.85,641.14,637.26,617.33,Mumbai,21.5,69.5
41,366.93,647.78,746.79,0.13,941.74,954.56,649.07,656.52,677.07,Mumbai,21.6,69.5
42,375.36,674.36,852.96,0.22,1070.74,1045.9,666.38,658.62,761.4,Mumbai,21.6,69.5
43,372.02,644.44,777.69,0.17,984.47,978.31,641.63,640.39,694.22,Mumbai,22.4,70.2
44,358.88,620.44,749.81,0.17,954.69,941.44,641.03,637.31,666.48,Mumbai,21.6,70.7
45,369.94,602.31,695.48,0.14,877.65,881.47,672.95,678.44,601.8,Mumbai,23,70.7
46,357.08,630.7,769.62,0.18,965.92,975.6,650.48,659.85,695.26,Mumbai,19.7,70.8
47,350.21,593.72,732.39,0.19,901.13,905.48,647.24,651.85,640.16,Mumbai,21.2,71
48,366.71,658.8,751.6,0.13,963.03,959.77,655.68,657.1,674.7,Mumbai,22.2,71.1
49,371.65,556.38,673.93,0.17,857.23,831.99,660.35,653.48,573.34,Mumbai,21.1,71.3
50,380.49,569.08,615.43,0.08,800.52,788.42,697.22,702.25,543.24,Mumbai,26.3,71.3
51,370.3,642.2,825.62,0.22,1015.87,1014.07,660.81,661.42,721.35,Mumbai,23,71.4
52,369.77,621.44,835.46,0.25,981.35,990.72,720.52,726.78,690.11,Mumbai,23.8,71.4
53,379.55,648.46,754.23,0.14,960.99,965.98,680.08,686.16,664.64,Mumbai,22.2,71.5
54,362.43,615.73,766.88,0.19,958.27,952.99,642.87,642.47,678.43,Mumbai,23.9,71.5
55,375.3,627.12,764.5,0.18,965.21,950.15,664.58,659.26,667.06,Mumbai,21.6,71.6
56,367.24,627.48,682.01,0.08,872.75,880.4,670.34,675.47,632.76,Mumbai,22.8,71.6
57,398.63,732.81,832.47,0.12,1063.77,1078.4,715.27,723.39,755.28,Mumbai,22.4,72.1
58,379.95,656.72,793.3,0.17,1027.44,1011.37,650.15,644.64,715.16,Mumbai,22.5,72.1
59,400.46,643.16,765.73,0.16,1048.01,967.3,673.29,641.25,668.39,Mumbai,21.7,72.2
60,384.06,659.13,731.32,0.1,935.68,943.25,707.8,713.17,662.15,Mumbai,23.3,72.2
61,368.83,666.86,793.2,0.16,1017.36,1012.95,627.57,626.85,728.02,Mumbai,23.6,72.2
62,409.28,735.3,809.93,0.09,1047.11,1057.59,744.27,751.55,741.28,Mumbai,24.5,72.4
63,339.66,539.43,706.24,0.24,840.74,843.41,649.6,652.54,569.73,Mumbai,22.7,72.7
64,385.99,680.16,815.65,0.17,1044.97,1045.11,673.91,674.89,743.35,Mumbai,24.7,72.9
65,375.09,609.97,722.95,0.16,913.49,915.61,686.56,692.21,624.42,Mumbai,24.4,73.1
66,352.09,606.49,735.71,0.18,894.02,928.37,666.8,687.76,647.24,Mumbai,22.6,73.2
67,375.15,621.36,701.16,0.11,901.16,905.13,691.28,697.13,618.5,Mumbai,22.8,73.4
68,360.42,564.29,706.71,0.2,875.19,869.63,665.1,665.26,602.35,Mumbai,22.9,73.5
69,373.17,636.08,804.8,0.21,1010.58,1006.24,661.97,661.74,720.88,Mumbai,22.9,73.6
70,376.63,607.01,717.06,0.16,889.58,898.9,730.33,749.71,592.21,Mumbai,24.2,73.7
71,360.53,606.12,773.46,0.21,955.11,950.43,657.93,658.01,669.8,Mumbai,23.3,73.9
72,356.11,573.77,678.37,0.15,838.83,855.3,663.02,675.21,584.78,Mumbai,25.9,73.9
73,374.47,644.64,725.18,0.11,933.64,937.38,663.22,665.67,666.35,Mumbai,22,74.2
74,376.4,606.81,662.92,0.08,873.92,853.36,672.77,663.26,600.71,Mumbai,23.6,74.2
75,335.57,547.85,702.91,0.22,832.06,851.49,634.58,646.61,585.02,Mumbai,24.7,74.2
76,402.12,614,666.1,0.08,853.15,847.24,768.26,782.74,574.32,Mumbai,26.8,74.2
77,383.14,673.49,767.06,0.12,965.78,978.91,721,729.32,690.24,Mumbai,21.8,74.3
78,386.49,693.63,810.91,0.15,1061.42,1044.84,662.6,657.46,733.98,Mumbai,23.2,74.3
79,367.64,585.72,677.16,0.14,854.77,859.66,700.59,714.2,571.51,Mumbai,24.3,74.3
80,370.03,608.57,721.41,0.16,912.27,916.34,681.72,687.79,628.89,Mumbai,24.6,74.4
81,368.21,636.04,719.37,0.12,904.96,925.15,677.09,689.31,652.14,Mumbai,23.4,74.5
82,399.88,656.07,762.97,0.14,990.13,975.98,711.51,707.64,676.05,Mumbai,23.5,74.6
83,388.81,643.61,831.35,0.22,1045.7,1009.25,694.54,679.64,696.06,Mumbai,23.2,74.7
84,365.37,634.92,741.84,0.15,928.73,945.75,672.21,685.04,655.53,Mumbai,24.2,74.7
85,395.01,645.76,714.21,0.09,933.66,929.26,696.72,697.5,640.24,Mumbai,24.3,74.7
86,323.46,515.97,737.86,0.3,847.39,856.06,626.57,635.81,599.19,Mumbai,23.5,74.8
87,359.47,608.77,750.39,0.19,928.05,942.39,656.45,665.38,659.52,Mumbai,23.6,74.8
88,406.37,726.42,811.82,0.1,1036.2,1059.82,740.15,754.44,739.89,Mumbai,24.5,74.8
89,392.92,688.13,805.91,0.15,1063.57,1037.04,694.71,687.91,715.29,Mumbai,23,75
90,389.49,669.36,753.67,0.11,984.92,977.45,675.88,672.48,681.25,Mumbai,27,75.1
91,359.68,600.68,666.35,0.1,849.21,862.79,658.15,668.64,599.79,Mumbai,25.6,75.4
92,352.56,614.34,749.22,0.18,929.37,953.88,638.53,654.38,667.26,Mumbai,24.2,75.6
93,377.51,664.42,743.48,0.11,945.25,960.3,690.54,700.97,671.23,Mumbai,24.8,75.6
94,358.98,627.07,768.73,0.19,959.21,962.17,643.08,646.38,695.56,Mumbai,24.5,76
95,358.04,617.28,708.78,0.13,887.3,901.15,641.05,649.23,641.22,Mumbai,24.9,76.4
96,390.59,682.18,808.54,0.16,1027.1,1040.58,707.27,716.81,726.35,Mumbai,25.1,76.4
97,366.65,642.48,813.76,0.21,983.64,1006.12,683.67,695.56,707.92,Mumbai,24.2,76.5
98,411.12,705.45,795.86,0.11,1050.74,1028.6,728.92,719.93,715.24,Mumbai,24.2,76.7
99,401.25,622.43,717.91,0.14,905.18,909.88,800.64,821.16,591.69,Mumbai,27.9,76.7
100,392.05,704.63,810.16,0.13,1045.7,1051.11,677.1,680.25,749.29,Mumbai,24.7,76.8
101,373.25,596.8,674.13,0.12,846.34,869.7,710.75,735.58,583.11,Mumbai,26.1,76.8
102,405.14,708.04,846.18,0.16,1075.31,1079.52,734.45,738.11,749.46,Mumbai,22.7,76.9
103,388.75,658.19,785.71,0.16,1005.39,999.44,677.89,676.55,700.21,Mumbai,23.7,76.9
104,353.93,581.45,682.08,0.15,840.17,871.87,674.64,699.41,597.43,Mumbai,25,77
105,432.57,705.52,836.12,0.15,1182.41,1052.19,709.92,667.25,735.54,Mumbai,27.4,77.1
106,359.61,634.21,719.85,0.12,920.54,930.95,598.85,604.94,662.74,Mumbai,26.8,77.2
107,372.16,642.71,777.07,0.17,987.34,982.1,646.81,645.79,698.25,Mumbai,22.6,77.3
108,345.76,524.94,594.93,0.12,744.89,750.97,649.12,665.36,501.57,Mumbai,25.6,77.3
109,419.05,692.23,852.26,0.18,1104.21,1083.99,732.39,724.09,742.16,Mumbai,25.9,77.4
110,420.33,750.94,858.35,0.12,1090.79,1100.4,805.31,811.71,765.47,Mumbai,25.2,77.8
111,381.87,642.81,734.27,0.12,935.52,946.91,691.83,700.87,654.66,Mumbai,26.2,77.8
112,371.14,637.04,726.36,0.12,912.39,937.92,700.92,723.01,640.24,Mumbai,25.8,77.9
113,359.06,564.44,659.3,0.14,820.77,845.81,690.38,713.62,568.84,Mumbai,26.3,77.9
114,388.21,668.93,771.37,0.13,980.52,989.77,719.1,725.52,694.3,Mumbai,23.8,78
115,379.74,681.08,761.56,0.11,964.61,989.95,684.76,700.42,695.13,Mumbai,25.5,78.1
116,392.35,689.99,796.16,0.13,1015.15,1024.59,714.89,720.59,720.41,Mumbai,25.5,78.1
117,424.89,774.28,845.52,0.09,1104.21,1106.83,757.36,760.37,776.51,Mumbai,25.5,78.1
118,378.19,576.66,765.82,0.24,913.68,900.23,774.44,791.92,567.44,Mumbai,25.6,78.1
119,371.9,648.84,750.2,0.14,955.76,953.17,658.55,660.48,655.44,Mumbai,24.3,78.3
120,381.24,659.53,740.04,0.11,949.24,957.24,686.03,693.87,663.8,Mumbai,24.7,78.4
121,400.15,722.3,791.07,0.09,1029.6,1035.06,694.32,700.2,721.67,Mumbai,26.7,78.5
122,353.66,570.47,686.15,0.16,860.55,863.82,633.01,637.35,615.42,Mumbai,26.4,78.7
123,402.05,698.19,854.18,0.18,1057.07,1088.25,742.76,760.18,763.93,Mumbai,25.7,78.8
124,408.41,719.06,818.08,0.12,1045.27,1056.15,757.13,764.63,731.85,Mumbai,25.1,79.1
125,378.83,629.87,732.55,0.14,917.21,934.87,710.82,724.57,641.09,Mumbai,25.4,79.1
126,371.15,640.84,739.36,0.14,932.07,949.09,669.53,682.72,652.65,Mumbai,25.8,79.1
127,408.51,697.89,795.42,0.12,1045.18,1029.06,721.37,715.85,710.29,Mumbai,25.3,79.2
128,394.85,682.24,836.59,0.18,1043.42,1065.08,707.14,719.33,748.64,Mumbai,24.7,79.3
129,372.41,635.48,737.3,0.14,911.84,943.32,687.07,707.95,652.17,Mumbai,26.3,79.4
130,446.14,806.14,892.93,0.1,1203.22,1171.11,784.03,769.95,817.19,Mumbai,29.1,79.4
131,333.34,549.16,714.27,0.23,855.93,866.09,604.44,611.24,613.04,Mumbai,24.1,79.5
132,394.15,689.79,847.4,0.18,1060.88,1064.09,710.63,713.58,756.19,Mumbai,26.4,79.5
133,379.08,647.67,760.87,0.15,950.44,965.62,708.88,719.44,671.52,Mumbai,27.7,79.5
134,374.22,627.83,713.12,0.12,901.8,925.09,705.6,728.12,627.26,Mumbai,28.1,79.5
135,387.78,709.6,789.7,0.1,1006.11,1023.05,706.04,715,732.09,Mumbai,25.2,79.6
136,385.13,666.45,829.5,0.19,1042.82,1019.14,694.11,685.22,720.56,Mumbai,24.4,79.7
137,366.3,640.92,691.26,0.07,879.84,901.69,649.69,664.57,638.57,Mumbai,27.8,79.7
138,360.24,607.01,693.67,0.13,870.8,894.95,633.12,649.87,621.05,Mumbai,29.4,79.7
139,383.41,655.82,765.25,0.14,966.73,974.3,717.48,724.76,677.81,Mumbai,23.6,79.9
140,440.09,741.37,810.87,0.08,1106.24,1059.9,766.59,744.59,729.19,Mumbai,28.2,80
141,392.04,658.02,735.48,0.1,954.99,956.71,702.44,704.71,660.32,Mumbai,24.5,80.1
142,405.18,693.19,740.94,0.06,951.78,968.53,769.19,781.26,675.28,Mumbai,28.7,80.1
143,391.39,662.6,725.19,0.09,923.08,944.79,712.59,729.97,651.94,Mumbai,27.4,80.2
144,365.78,640.15,719.11,0.11,908.44,933.99,656.17,671.51,662.34,Mumbai,26.7,80.3
145,394.37,684.23,806.81,0.15,1052.56,1023.45,686.88,678.8,741.51,Mumbai,29.6,80.5
146,378.96,646.81,746.73,0.13,967.56,956.38,656.86,653.99,664.78,Mumbai,24.9,80.6
147,417.09,718.36,805.65,0.11,1048.56,1040.45,756.64,754.46,720.63,Mumbai,25.3,80.6
148,377.35,646.41,768.29,0.16,957.35,971.75,702.27,715.09,661.46,Mumbai,26.6,80.7
149,385.99,613.31,682.52,0.1,872.47,871.79,702.74,707.82,592.03,Mumbai,27.2,80.8
150,372.71,595,693.48,0.14,874.08,882.57,691.57,703.07,590.94,Mumbai,26.4,81
151,404.98,737.88,901.05,0.18,1110.73,1147.52,735.59,753.97,807.67,Mumbai,26.1,81.1
152,378.96,623.59,778.84,0.2,978.4,976.49,682.32,686.4,679.13,Mumbai,26.4,81.1
153,389.93,684.47,786.93,0.13,989.5,1010.29,720.43,734.06,702.55,Mumbai,26.8,81.1
154,363.66,627.49,727.12,0.14,911.83,932.94,648.63,661.05,658.39,Mumbai,27,81.1
155,421.63,698.31,839.01,0.17,1085.36,1072.84,753.79,751.95,733.89,Mumbai,27.8,81.1
156,376.89,617.67,690.39,0.11,875.37,880.63,671.63,677.72,604.44,Mumbai,29.7,81.2
157,379.13,651.23,792.61,0.18,1004.65,1003.57,650.14,650.89,718.03,Mumbai,27.6,81.3
158,409.84,719.39,894.27,0.2,1179.69,1114,696.39,675.48,803.1,Mumbai,26,81.6
159,417.25,695.28,802.06,0.13,1079.92,1031.09,696.34,675.23,713.15,Mumbai,29.2,81.6
160,401.72,662.85,723.78,0.08,943.31,947.23,736.65,740.24,675.25,Mumbai,27.4,81.7
161,383.28,652.51,724.76,0.1,917.77,940.44,706.86,724.32,646.74,Mumbai,27.6,81.7
162,370.5,577.76,655.72,0.12,830.53,839.63,678.78,689.08,571.61,Mumbai,26.1,81.9
163,377.35,679.55,782.57,0.13,987.29,1008.19,656.65,669.37,707.75,Mumbai,27.2,81.9
164,345.31,578.88,726.52,0.2,875.02,903.08,608.95,624.65,628.94,Mumbai,26.9,82
165,389.45,713.2,801.56,0.11,1035.58,1043.4,702.93,708.92,733.19,Mumbai,25.4,82.1
166,409.13,677.72,746.17,0.09,971.12,963.89,738.06,734.97,677.81,Mumbai,27.9,82.2
167,387.23,665.06,723.71,0.08,950.61,944.61,672.27,672.38,654.67,Mumbai,29.7,82.2
168,409.08,685.59,834.03,0.18,1052.42,1051.3,768.06,770.8,709.88,Mumbai,27.4,82.3
169,395.62,732.42,857.19,0.15,1103.91,1099.29,688.08,687.52,780.52,Mumbai,27.3,82.4
170,377.37,639.69,768.85,0.17,955.11,984.84,696.66,715.54,676.65,Mumbai,26.4,82.5
171,420.66,757.53,840.51,0.1,1093.5,1099.75,767.29,771.88,768.69,Mumbai,27.5,82.5
172,397.02,673.3,719.6,0.06,937.36,944.67,715.88,723.16,659.5,Mumbai,29,82.5
173,444.93,740.05,938.59,0.21,1291.81,1142.61,739.27,696.89,823.12,Mumbai,25.8,82.6
174,391.4,662.56,726.13,0.09,940.42,949.89,704.4,711.78,670.38,Mumbai,26.8,82.6
175,395.18,729.34,825.33,0.12,1060.32,1072.04,701.93,709.79,754.42,Mumbai,28.2,82.6
176,397.21,666.01,790.42,0.16,1017.1,1004.4,710.3,705.29,690.72,Mumbai,27.7,82.7
177,405.68,716.81,794.97,0.1,1027.91,1037.39,744.12,750.43,728.07,Mumbai,26.8,82.8
178,420.88,768.71,885.84,0.13,1138.88,1153.07,748.49,757.1,801.33,Mumbai,28.6,83.1
179,419.75,749.12,831.5,0.1,1069.54,1088.34,770.03,782.12,757.66,Mumbai,28.4,83.2
180,388.81,653.89,798.2,0.18,1026.03,1008.93,689.37,685.81,711.43,Mumbai,26.3,83.3
181,382.48,567.45,613.4,0.08,800.89,790.29,682.06,686.57,552.64,Mumbai,28.8,83.3
182,419.49,760.93,858.86,0.12,1101.59,1108.75,763.03,768.36,770.94,Mumbai,27.3,83.4
183,387.4,599.33,710.13,0.15,933.4,895.69,680.48,666.02,615.21,Mumbai,26.8,83.9
184,411.1,703.08,810.45,0.13,1028.81,1049.06,768.3,783.95,717.11,Mumbai,29.1,83.9
185,387.2,632.35,709.72,0.11,905.82,914.42,708.57,718.18,623.19,Mumbai,28.8,84
186,382.14,669.59,777.42,0.14,992.58,1008.46,673.35,683.82,706.96,Mumbai,28.9,84.1
187,400.28,644.18,744.63,0.14,941.39,947.93,745.79,757.92,635.67,Mumbai,26.4,84.2
188,378.28,592.65,675.21,0.12,847.95,863.48,726.66,747.19,569.98,Mumbai,28.4,84.2
189,387.98,653.52,784.88,0.17,999,993.29,690.3,690.63,707.51,Mumbai,29,84.3
190,387.8,668.22,779.94,0.14,999.39,996.51,700.56,701.27,693.71,Mumbai,27.9,84.6
191,398.4,661.4,796.5,0.17,1022.06,1011.69,720.96,720.45,687.39,Mumbai,28.4,84.6
192,406.61,694.6,792.91,0.13,1011.99,1018.27,739.92,747,689.87,Mumbai,29.2,84.6
193,383.23,662.64,733.89,0.1,967.02,948.91,639.42,631.27,667.62,Mumbai,28.6,84.7
194,412.01,734.87,790.9,0.07,1024.14,1040.75,731.83,743.14,731.72,Mumbai,28.8,84.7
195,393.59,682.11,761.35,0.11,973,987.41,715.26,727.19,677.9,Mumbai,29.3,84.7
196,393.54,720.6,814.47,0.12,1031.32,1055.84,709.15,723.2,742.25,Mumbai,29.4,84.8
197,395.42,635.98,715.01,0.11,905.55,918.1,741.53,756.79,623.26,Mumbai,28.9,85.1
198,400.08,685.95,777.65,0.12,991.7,1000.16,726.81,734.1,689.33,Mumbai,29.5,85.2
199,404.61,663.31,754.63,0.12,949.1,967.61,779.1,801.92,640.87,Mumbai,28.1,85.3
200,439.96,776.33,892.06,0.13,1186.4,1157.02,776.53,763.67,800.06,Mumbai,28.2,85.3
201,416.28,708.12,852.34,0.17,1116.47,1069.97,737.74,721.69,722.97,Mumbai,28.3,85.7
202,395.01,635.76,735.03,0.13,942.68,942.65,720.87,725.39,648.39,Mumbai,29,85.7
203,406.26,697.09,772.33,0.1,982.72,1007.91,769.02,787.73,692.55,Mumbai,29.4,86.1
204,415.26,675.64,757.42,0.1,987.84,977,763.76,759.98,668.48,Mumbai,28.4,86.3
205,404.86,746.69,857.25,0.13,1074.21,1109.66,762.15,781.55,774.62,Mumbai,27.4,86.4
206,426.91,763.56,882.11,0.14,1113.14,1134.52,795.71,809.93,780.92,Mumbai,27.9,86.4
207,379.89,712.84,778.54,0.09,984.46,1012.35,718.69,735.19,710.09,Mumbai,28.6,86.5
208,397.1,642.55,713.47,0.1,890.65,918.4,772.34,796.92,620.35,Mumbai,29.8,86.5
209,413.6,686.15,749.82,0.09,950.61,977.6,791.45,813.16,675.26,Mumbai,29.4,86.6
210,431.6,765.99,813.49,0.06,1068,1063.11,807.84,809.78,722.04,Mumbai,26.4,86.8
211,431.65,762.24,921.95,0.17,1215.92,1179.41,750.39,736.51,817.32,Mumbai,27.4,86.8
212,402.73,729.95,837.06,0.13,1066.14,1084.18,739.91,749.79,763.38,Mumbai,29.1,86.8
213,385.89,617.76,714.88,0.14,897.77,912.21,719.68,733.61,617.19,Mumbai,27.5,87
214,424.78,740.45,826.14,0.1,1062.98,1075.22,782.72,790.91,744.33,Mumbai,30,87.2
215,390.47,669.78,820.55,0.18,1019.84,1040.34,718.1,730.47,720.38,Mumbai,27.9,87.4
216,411.71,684.64,746.92,0.08,993.27,979.6,721.76,715.03,675.91,Mumbai,29,87.5
217,353.79,531.17,653.39,0.18,772.24,777.86,763.3,796.59,465.39,Mumbai,31,88
218,407.39,638.4,728.08,0.12,940.95,942.21,782.91,799.24,635.52,Mumbai,29.7,88.3
219,397.21,622.95,710.08,0.12,904.4,914.64,761.8,784.06,611.48,Mumbai,29.8,88.5
220,417.33,706.01,847.66,0.16,1073.79,1076.07,771.52,777.46,721.35,Mumbai,29.8,88.7
221,431.19,693.16,746.5,0.07,975.39,975.4,785.77,789.9,676.48,Mumbai,30.6,88.7
222,415.71,765.72,824.49,0.07,1083.6,1083.36,762.08,764.23,759,Mumbai,29.3,88.8
223,390.93,619.68,675.43,0.08,853.65,875.87,745.57,771.64,591.75,Mumbai,29.4,88.8
224,452.45,852.4,938.91,0.09,1215.18,1233.62,839.38,849.57,873.35,Mumbai,30.2,88.9
225,431.61,742.02,820.07,0.09,1060.4,1073.34,798.4,808.16,737.12,Mumbai,31.4,88.9
226,409.75,707.3,806.2,0.12,1021.56,1044.43,760.5,777.27,713.66,Mumbai,29.1,89
227,415.5,708.89,778.8,0.09,1008.31,1017.58,781.25,795.1,690.44,Mumbai,29.9,89.1
228,427.21,745.5,816.62,0.09,1080.25,1073.73,784.23,789.93,725.45,Mumbai,31.2,89.2
229,440.52,729.82,825.26,0.11,1051.17,1079.43,831.19,857.56,719.77,Mumbai,31.4,89.2
230,438.07,795.99,869.42,0.09,1127.92,1141.86,797.56,807.16,799.22,Mumbai,28.5,89.5
231,420.05,766.01,861.09,0.11,1149.54,1113.79,699.44,684.81,772.67,Mumbai,29.9,89.5
232,431.61,766.06,820.5,0.07,1088.01,1084.52,759.8,761.8,748.98,Mumbai,31.2,89.5
233,420.15,789.5,907.23,0.13,1167.85,1172.97,752.26,756.37,826.88,Mumbai,28.8,90.1
234,423.39,653.3,719.07,0.09,941.45,924.65,768.27,775.84,629.08,Mumbai,30,90.1
235,410.9,715.05,789.76,0.1,1023.66,1030.96,754.14,762.99,706.21,Mumbai,29.3,90.2
236,388.96,710.01,805.1,0.12,1022.45,1044.56,701.04,716.25,725.47,Mumbai,30.8,90.3
237,394.08,682.01,762.46,0.11,968.75,986.47,717.85,734.45,673.57,Mumbai,31.6,90.8
238,422.93,687.23,777.86,0.12,1001.64,1000.32,788.54,795.88,671.78,Mumbai,31.2,91
239,419.14,757.13,828.96,0.09,1065.67,1080.32,776,785.77,755.7,Mumbai,28.5,91.1
240,419.98,735.65,870.97,0.15,1131.2,1118.68,754.46,751.85,779.09,Mumbai,29.7,91.1
241,430.48,762.75,867.54,0.12,1115.24,1130.56,804.42,815.92,774.07,Mumbai,30.9,92.5
242,439.14,794.32,922.57,0.14,1158.07,1187.25,822.26,843.14,810.1,Mumbai,31.4,92.7
243,411.95,739.17,844.84,0.12,1086.75,1091.74,761.21,766.98,758.35,Mumbai,31,93.1
244,428.46,756.78,814.73,0.07,1049.35,1065.13,806.68,817.53,746.47,Mumbai,28.5,93.2
245,430.78,696.18,755.56,0.08,1002.08,986.44,791.56,793.82,674.33,Mumbai,29.7,95.5
246,427.55,763.57,828.35,0.08,1075.21,1087.22,801.15,812.21,747.03,Mumbai,31.2,97.4
247,436.75,788.59,884.74,0.11,1141.67,1147.59,780.86,787.04,782.38,Mumbai,35.9,97.5
248,437.46,747.15,820.85,0.09,1065.96,1065.15,813.27,820.97,712.28,Mumbai,35.3,98.8
249,470.31,770.72,826.06,0.07,1107.56,1092.05,860.95,858.58,749.51,Mumbai,36.1,104.2
250,318.82,623.58,813.16,0.53,895.29,888.57,628.34,627.64,740.93,Texas,19.9,1.5
251,286.26,491.23,656.57,0.45,754.25,657.78,517.51,499.17,584.98,Texas,14.7,42.6
252,305.31,613.47,645.59,0.3,875.87,809.78,543.09,530.3,595.66,Texas,15.3,52
253,286.26,584.98,636.14,0.44,814.69,777.36,506.17,500,596.21,Texas,14.1,53
254,328.36,681.71,707.52,0.27,937.47,907.18,580.77,573.55,660.89,Texas,15.7,55
255,306.94,644.75,714.36,0.43,894.92,871.26,571.63,567.41,662.86,Texas,16.5,56
256,314.76,642.9,709.52,0.34,895.5,870.47,576.43,571.49,648.99,Texas,17.4,56
257,308.43,562.77,614.62,0.24,743.62,756.45,595.84,601.04,562.91,Texas,18.2,57
258,306.42,599.43,676.62,0.35,866.53,808.79,559.68,547.19,604.78,Texas,16.2,58
259,293.52,539.17,672.9,0.47,784.01,737.92,563.66,555.25,604.96,Texas,16.9,58
260,310.68,681.52,719.18,0.38,921.99,910.73,587.97,586,680.4,Texas,16.9,58
261,323.31,651.31,771.82,0.46,944.84,900.36,609.63,601.82,700.9,Texas,17.2,58
262,307.27,607.64,701.82,0.38,846.24,837.42,582.31,580.81,632.15,Texas,17.9,58
263,337.78,690.01,841.87,0.44,962.37,971.49,669.66,672.12,765.78,Texas,27.4,58.7
264,306.84,540.97,665.97,0.39,778.58,759.33,569.89,565.56,567.7,Texas,16.9,59
265,328.51,713.6,796.7,0.42,1003.32,976.16,613.39,608.86,738.93,Texas,17.8,59
266,281.14,504.81,679.73,0.45,753.78,716.96,554.96,548.41,581.09,Texas,17.8,59.6
267,340.9,665.9,771.11,0.34,969.63,907.04,649.56,633.73,674.89,Texas,16.6,60
268,324.57,648.62,808.32,0.42,917.41,911.02,626.91,626.46,718.69,Texas,17.4,60
269,318.4,632.31,749.4,0.42,928.94,876.52,596.83,587.14,666.41,Texas,18.2,60
270,370.77,746.48,857.09,0.27,1043.27,1043.79,746.98,747.04,748.29,Texas,18.9,60.7
271,359.71,632.1,642.38,0.2,853.83,822.86,760.02,748.94,594.29,Texas,18.5,62.2
272,347.05,775.05,856.53,0.45,1098.83,1048.85,684.62,676.21,801.48,Texas,16.6,63
273,314.13,642.84,721.39,0.41,897,870.97,608.78,603.66,663.02,Texas,17.9,63
274,330.71,707.11,774.89,0.36,996.04,957.29,601.15,593.32,713.65,Texas,19.5,63
275,298.36,566.91,701.74,0.43,834.36,784.35,584.29,573.63,613.34,Texas,17,64
276,293.15,542.93,726.37,0.57,781.89,782.97,545.19,545.81,666.78,Texas,19,64
277,326.28,593.51,783.84,0.64,870.3,818.66,579.96,574.53,737.04,Texas,19.2,64.3
278,319.46,613.86,739.93,0.34,851.9,864.68,606.6,612.86,643.07,Texas,19.5,64.3
279,310.67,599.59,746.21,0.41,878.41,842.19,607.58,599.18,648.74,Texas,18.3,65
280,342.24,669.66,766.62,0.32,970.87,920.36,650.82,636.36,660.86,Texas,18.4,65
281,320.45,689.1,770.53,0.43,985.87,939.57,605.1,597.82,713.56,Texas,18.6,65
282,346.12,673.24,751.34,0.3,928.68,925.23,622.79,622.31,669.96,Texas,19.6,65.9
283,288.23,532,693.69,0.48,767.33,744.59,541.53,536.6,610.57,Texas,20.2,65.9
284,319.31,707.7,739.34,0.39,978.31,940.2,600.91,594.03,694.48,Texas,19.2,66
285,395.36,890.65,904.33,0.29,1286.04,1196.3,724.75,708.36,856.74,Texas,19.2,66
286,368.82,780.51,852.45,0.24,1074.41,1069.26,678.64,677.97,764.49,Texas,21.6,66
287,283.38,551.25,642.12,0.45,754.76,752.11,580.41,581.07,585.6,Texas,21.1,66.1
288,293.16,544.94,667.02,0.46,783.37,738.79,545.55,536.34,595.34,Texas,21,66.4
289,318.04,669.73,784.59,0.52,943.17,920.61,592.9,589.64,728.86,Texas,20.1,67
290,402.87,786.17,830.92,0.14,1053.54,1065.08,798.34,805.35,736.04,Texas,21.5,67
291,350.87,692.02,796.82,0.29,953.34,964.96,689.95,695.93,701.14,Texas,21.3,68
292,326.33,646.02,735.98,0.36,883.84,885.02,604.17,606.03,676.62,Texas,21.2,68.6
293,328.68,707.48,725.34,0.29,968.51,933,601.27,593.28,683.01,Texas,21,69
294,335.91,717.37,772.61,0.29,999.95,972.62,624.62,618.18,706.51,Texas,22.3,69
295,388.22,782.6,823.87,0.15,1084.13,1059.45,694.6,686.26,728.19,Texas,22.3,69
296,307.14,589.74,713.23,0.4,823.24,824.05,620.93,621.51,623.09,Texas,20.2,69.1
297,309.73,599.3,780.56,0.5,866.19,875.46,571.04,573.45,702.88,Texas,21.5,69.4
298,333.56,716.55,805.68,0.39,999.31,983.11,643.7,640.49,736.13,Texas,20,70
299,366.47,743.4,795.51,0.25,1057.24,1003.74,691.75,676.56,713.44,Texas,21.9,70
300,321.74,621.97,748.96,0.4,857.84,880.94,615.03,622.33,677.52,Texas,20.9,70.5
301,367.36,743.05,792.1,0.19,1008.18,1010.73,670.67,672.48,714.84,Texas,23.8,71
302,364.89,639.68,717.23,0.23,884.08,889.59,763.51,783.45,578.15,Texas,24.1,71.5
303,315.18,634.78,753.13,0.37,909.37,885.34,598.12,592.98,664.78,Texas,22.4,71.8
304,320.02,654.2,814.02,0.4,915.43,924.43,641.17,644.45,703.82,Texas,22.8,72
305,369.88,722.69,758.83,0.16,972.67,982.3,661.86,667.05,685.68,Texas,24.1,72
306,349.9,747.4,816.7,0.32,1059.66,1015.05,665.87,655.92,740.65,Texas,22.2,72.2
307,339.77,650.14,702.7,0.23,890.85,881.2,579.7,576.2,622.39,Texas,23.8,72.5
308,313.5,487.02,589.25,0.29,777.58,644.64,656.06,654.67,409.92,Texas,23.6,72.8
309,329.43,710.47,758.91,0.35,990.41,959.97,595.45,590.26,701.26,Texas,24.1,73
310,375.01,715.39,753.42,0.16,970.4,965.44,683.24,682.13,667.59,Texas,24.3,73
311,335.51,667.7,790.02,0.33,971.06,934.91,604.18,595.53,683.56,Texas,24.4,73
312,317.21,629.48,644.13,0.21,861.17,830.59,584.14,577.75,595.2,Texas,25.1,73
313,359.75,687.4,756.1,0.21,939.64,936.21,659.55,658.59,653.59,Texas,21.1,73.5
314,304.58,590.56,677.11,0.37,809.24,817.13,563.92,567.52,620.52,Texas,23.4,73.6
315,379.97,753.29,775.13,0.16,992.44,1007.79,684.1,691.41,703.92,Texas,25.2,73.6
316,347.83,751.99,867.12,0.41,1120.61,1041.53,652.24,637.64,782.1,Texas,23.8,73.9
317,362.56,701.2,795.79,0.26,997.87,968.22,609.52,598.12,676.87,Texas,23,74
318,353.27,688.67,812.13,0.33,1019.9,958.99,642.68,626.44,694.7,Texas,23.9,74
319,425.2,825.37,861.07,0.16,1115.92,1113.34,804.21,807.45,770.1,Texas,23.9,74
320,367.82,749.86,812.63,0.23,1024.51,1033.13,712.19,718.46,724.88,Texas,24.3,74
321,372.53,773.6,838.39,0.25,1047.4,1059.11,729.1,734.44,760.01,Texas,24.7,74
322,510.4,923.66,934.41,0.08,1243.25,1230.16,959.56,960.62,852.81,Texas,24.8,74
323,304.33,617.65,728.26,0.42,879.81,855.37,551.31,546.73,660.48,Texas,24.8,74
324,359.85,737.57,757.58,0.16,968.8,981.4,621.97,627.1,701.35,Texas,27.7,74.3
325,334.02,700.42,740.28,0.27,973.24,944.9,585.67,579.9,680.13,Texas,23.2,75
326,361.44,787.07,791.99,0.19,1099.42,1044.86,664.24,651.36,745.63,Texas,23.5,75
327,427.05,835.23,842.02,0.16,1135.84,1103.88,830.32,820.03,788.3,Texas,25.9,75.4
328,421.13,819.46,838.14,0.15,1111.8,1094.22,774.36,770.5,758.89,Texas,24.5,75.5
329,341.29,712.43,769.55,0.29,994.3,961.42,636.36,627.51,699.5,Texas,23.8,76
330,368,789.5,830.34,0.24,1096.93,1063.89,699.44,690.84,767.14,Texas,24.5,76
331,352.05,801.2,847.47,0.35,1055.17,1079.47,643.93,650.32,797.79,Texas,25.5,76
332,347.78,666.8,754.02,0.27,924.64,953.53,612.02,626.83,651.87,Texas,24.2,76.1
333,327.08,643.24,814.87,0.59,921.65,902.41,577.6,574.9,757.08,Texas,24.8,76.4
334,345.41,689.76,766.55,0.33,1045.13,937.88,680.2,659.82,677.59,Texas,24.2,76.7
335,311.44,638.24,681.56,0.28,874.76,857.54,577.26,573.32,620.54,Texas,26.1,76.9
336,351.95,730.94,740.25,0.17,1008.58,964.46,646.91,634.83,685.09,Texas,24.3,77
337,386.84,781.51,836.65,0.18,1060.78,1060.3,771.31,772.56,742.02,Texas,25.7,77
338,397.82,802.21,850.39,0.21,1111.43,1108.6,711.63,714.47,754.65,Texas,26.5,77.1
339,321.7,636.15,723.31,0.3,901.21,876.89,565.94,560.29,632.07,Texas,25.4,77.4
340,384.83,766.59,796.95,0.17,1040.41,1030.7,703.97,700.57,719.95,Texas,25.6,77.5
341,352.65,715.34,735.32,0.16,936.68,949.46,610.29,615.27,679.55,Texas,23.7,77.6
342,340.39,667.45,724.81,0.27,903.9,905.91,591.72,592.95,659.56,Texas,24.7,77.6
343,356,691.92,782.07,0.32,972,990.43,699.86,712.68,688.02,Texas,26.4,77.7
344,341.94,695.07,783.88,0.33,969.84,958.76,674.54,672.08,700.23,Texas,24.2,78
345,357.02,805.71,820.62,0.29,1142.63,1072.09,676.04,662.18,767.96,Texas,25.6,78
346,354.71,735.92,783.01,0.28,977.19,998.97,679.73,688.16,724.52,Texas,25.7,78
347,346.57,736.15,811.02,0.32,1013,1031.19,613.3,620.27,741.19,Texas,25.8,78
348,346.56,667.28,760.64,0.31,1030.18,918.62,666.41,640.61,641.54,Texas,25.4,78.2
349,329.73,639.4,739.95,0.32,923.61,889.88,625.57,616.63,631.96,Texas,25.5,78.3
350,319.93,615.45,786.48,0.46,896.02,856.29,628.65,619.57,699.99,Texas,25.8,78.7
351,353.25,756.41,848.05,0.45,1039.34,1024.86,628.79,626.08,801.09,Texas,24,78.9
352,331.81,684.25,781.24,0.37,954.83,944.39,663.41,662.53,694.9,Texas,24.7,78.9
353,346.85,704.85,776.82,0.28,1005.37,961.99,650.77,638.92,682.52,Texas,24.3,79
354,357.02,755.41,813.57,0.25,1057.29,1023.79,688.84,679.38,731.94,Texas,24.4,79
355,350.77,722.56,812.8,0.31,1015.61,1007.35,678.35,676.5,720.55,Texas,24.6,79
356,298.19,587.54,597.44,0.23,771.13,764.32,562.92,561.32,574.73,Texas,24.7,79
357,361.72,768.13,835.75,0.31,1084.15,1045.87,679.69,670.07,753.96,Texas,24.9,79
358,399.17,837.39,854.75,0.13,1100.8,1120.14,690.9,698.56,795.95,Texas,26.4,79
359,370.72,828.62,868.34,0.26,1113.12,1119.18,689.84,692.48,810.3,Texas,26.7,79
360,423.44,845.52,908.32,0.16,1163.81,1158.71,821.74,820.36,787.27,Texas,26.9,79
361,422.64,769,814.06,0.13,1028.42,1040.11,874.8,890.17,685.13,Texas,27.1,79
362,327.08,711.23,760.81,0.36,973.29,963.02,619.88,618.75,709.19,Texas,27.6,79
363,330.79,663.79,795.74,0.45,938.62,919.59,579.93,576.55,721.26,Texas,24.9,79.2
364,308.57,624.96,716.96,0.36,865.4,865.67,590.28,591.7,639.48,Texas,26.3,79.3
365,320.17,653.85,811.15,0.57,925.67,917.79,601.94,600.81,751.84,Texas,25.1,79.4
366,327.28,681.42,784.2,0.53,954.2,921.83,583.46,578.76,731.45,Texas,26.1,79.4
367,410.52,819.14,838.59,0.18,1092.23,1090.72,836.14,836.1,774.68,Texas,26.8,79.4
368,335.51,634.57,714.33,0.29,925.84,883.1,620.32,611.77,609.54,Texas,26.5,79.7
369,323.06,676.66,775.52,0.54,961.33,911.51,577.29,572.89,731.7,Texas,25.2,80
370,360.72,771.87,818.49,0.26,1049.93,1042.58,680.83,678.9,753.09,Texas,25.8,80
371,338.75,721.24,776.47,0.28,1000.32,980.71,624.47,619.7,711.06,Texas,25.8,80
372,366.94,761.52,778.99,0.19,1079,1011.74,668.82,650.63,709.68,Texas,25.8,80
373,363.63,745.49,783,0.21,1042.06,1001.25,661.73,649.82,710.09,Texas,26,80
374,435.93,875.52,942.89,0.18,1194.55,1204.76,866.8,873.86,822.96,Texas,26.6,80
375,336.44,714.81,792.23,0.34,1004.63,985.76,627.47,623.25,721.83,Texas,26.9,80
376,328.44,700.61,786.54,0.36,957.47,973.5,628.09,633.04,714.84,Texas,27,80
377,445.49,793.24,816.07,0.09,1057.16,1066.33,859.95,874.01,716.16,Texas,27.4,80
378,348.66,746.38,817.94,0.45,1005.62,1023.53,579.97,584.42,771.8,Texas,25.9,80.3
379,378.36,679.7,767.48,0.21,944.58,936.08,725.51,722.98,622.3,Texas,26.4,80.4
380,323.01,632.33,807.56,0.42,911.5,892.73,655.18,650.13,711.46,Texas,25.6,80.8
381,353.62,702.79,801.87,0.34,1031.34,969.95,576.99,562.5,706.23,Texas,25.2,81
382,351.18,755.9,851.3,0.36,1068.7,1041.28,684.47,678.05,766.86,Texas,25.5,81
383,354.56,760.41,776.6,0.23,1063.2,1011.5,639.22,627.1,725.24,Texas,25.5,81
384,389.14,878.69,895.08,0.2,1206.74,1173.63,752.29,743.73,844.31,Texas,25.5,81
385,379.84,781.79,831.98,0.2,1110.16,1061,674.47,659.69,742.1,Texas,25.6,81
386,349.92,701.39,761.45,0.26,1008.03,957.11,636.46,622.54,670.47,Texas,25.6,81
387,373.62,773.61,779.46,0.14,1091.62,1028.62,674.46,656.89,719.91,Texas,25.6,81
388,421.08,852.93,890.94,0.11,1167.09,1160.77,788.5,787.29,795.35,Texas,26.2,81
389,373.32,807.58,824.47,0.21,1131.5,1074.98,676.08,661.3,765.02,Texas,26.3,81
390,337.46,696.39,761.28,0.3,958.04,962.29,609.57,611.44,689.43,Texas,26.6,81
391,348.48,725.96,792,0.29,1040,988.19,639.42,625.89,699.64,Texas,26.6,81
392,329.88,653.36,760.43,0.38,911.47,920.9,648.55,652.22,683.12,Texas,26.9,81
393,409.21,852.03,894.18,0.13,1161.33,1155.43,787.23,785.58,798,Texas,27.2,81
394,365.9,750.7,779.31,0.18,1078.22,1006.03,664.24,644.23,700.84,Texas,27.8,81
395,390.33,754.97,830.35,0.17,1039.03,1038.54,792.63,795.19,706.04,Texas,28.1,81
396,401.79,829.02,855.64,0.12,1113.43,1114.46,773.29,774.2,782.43,Texas,28.2,81
397,364.47,745.92,836.79,0.32,1119.85,1019.6,677.33,654.42,729.9,Texas,25.8,81.1
398,420.23,801.92,817.79,0.09,1095.9,1074.12,780.55,773.54,730.69,Texas,26.9,81.2
399,324.53,630.3,805.45,0.59,928.47,871.36,579.01,572.04,751.29,Texas,25.9,81.3
400,336.89,702.21,790.55,0.36,965.25,966.64,659.85,660.57,718.5,Texas,27.2,81.4
401,317.13,618.92,810.51,0.63,904.69,875.26,569.3,566.21,753.82,Texas,25.8,81.5
402,360.08,742.81,783.17,0.24,1096.71,998.26,703.53,681.01,698.21,Texas,26.4,81.6
403,343.18,714.81,804.1,0.38,972.36,979.96,689.38,691.76,741.41,Texas,28.3,81.6
404,362.96,730.33,796.04,0.28,1086.73,999.69,644.28,626.25,700.09,Texas,26.2,81.7
405,370.57,749.29,813.12,0.26,1071.73,1017.54,722.48,706.76,709.12,Texas,27.7,81.7
406,365.12,735.15,803.37,0.26,1044.28,1001.35,705.02,691.84,703.93,Texas,25.8,81.9
407,431.5,805.2,868.51,0.18,1137.83,1099.48,818.41,811.88,725.36,Texas,26.2,81.9
408,355.71,780.03,791.36,0.23,1075.84,1033.62,660.34,650.2,743.9,Texas,25.8,82
409,363.87,732.52,769.96,0.19,1063.12,989.39,654.89,634.4,682.92,Texas,25.9,82
410,331.49,671.69,747.63,0.29,941.27,917.12,601.47,595.23,662.65,Texas,25.9,82
411,363.03,758.13,812.81,0.28,1088.38,1027.34,635.8,620.48,734.22,Texas,26,82
412,376.13,749.34,791.35,0.2,1059.93,1007.14,710.46,693.4,699.5,Texas,26.7,82
413,378.92,826.45,906.87,0.26,1159.75,1132.25,713.35,706.38,812.83,Texas,27.3,82
414,408.67,867.07,918.4,0.16,1185.75,1186.51,787.01,788.29,831.39,Texas,27.5,82
415,475.45,813.15,836.99,0.09,1077.58,1086.34,986.8,1006.29,735.35,Texas,27.7,82
416,415.68,814.56,862.84,0.14,1105.53,1114.49,786.37,792.76,747.84,Texas,28.2,82
417,460.21,888.58,933.77,0.11,1197.38,1214.79,883.11,894.61,816.35,Texas,28.4,82
418,375.31,821.02,852.6,0.18,1086.89,1109.01,697.52,705.34,794.97,Texas,28.8,82
419,361.17,716.98,789.21,0.26,985.97,990.21,657.65,661.62,698.28,Texas,27,82.1
420,357.74,711.32,773.56,0.25,980.78,960.08,654.15,647,692.09,Texas,27.3,82.1
421,334.07,738.46,804.64,0.51,1047.95,982.03,592.04,584.84,764.8,Texas,27.6,82.2
422,366.11,748.39,801.65,0.24,1074.02,1020.91,616.44,603.97,713.92,Texas,27,82.4
423,342.35,708.61,809.42,0.34,1007.38,982.12,662.95,657.14,717.82,Texas,26.6,82.5
424,336.5,741.35,820.36,0.61,1022.27,996.87,588.19,585.14,786.43,Texas,27.5,82.6
425,317.97,608.83,731.06,0.36,853.44,880.66,577.22,587.28,633.08,Texas,26.9,82.7
426,339.21,713.19,818.48,0.37,1034.66,983.92,679.74,669.36,728.09,Texas,26,82.9
427,319.23,642.19,755.64,0.52,886.5,905.49,559.35,564.06,709.27,Texas,26.8,82.9
428,391.18,717.95,793.23,0.3,1038.52,956.27,863.09,837.34,689.08,Texas,23.9,83
429,345.37,781.68,790.94,0.28,1052.18,1032.77,640.03,635.68,754.24,Texas,25.7,83
430,355.47,744.74,794.67,0.29,996.1,997.34,671.18,671.9,726.64,Texas,26.5,83
431,368.24,747.98,792.65,0.21,1055.76,1013.66,637.27,625.93,709.86,Texas,26.6,83
432,368.88,815.21,833.08,0.23,1138.48,1090.91,660.9,649.49,781.59,Texas,26.8,83
433,381.1,848.04,880.77,0.22,1134.92,1142.26,745.78,748.22,824.13,Texas,27,83
434,416.02,880.09,904.42,0.12,1182.84,1179.5,800.44,799.65,830.8,Texas,27.7,83
435,369.79,787.07,800.61,0.22,1084.5,1043.14,642.56,632.67,752.39,Texas,27.7,83
436,374.26,790.51,839.57,0.26,1062.15,1078.24,635.52,641.27,770.67,Texas,27.8,83
437,415.07,916.65,950.74,0.15,1233.01,1241.06,779.13,782.42,880.04,Texas,28.6,83
438,392.36,859.84,892.7,0.19,1145.98,1161.94,757.08,762.97,835.69,Texas,28.6,83
439,429.86,911.46,921.16,0.09,1212.67,1214.09,728.72,729.36,859.34,Texas,28.6,83
440,373.51,808.12,823.66,0.2,1155.69,1076.2,683.27,664.71,756.8,Texas,26,83.1
441,316.22,610.42,759,0.56,870.07,848.44,563.55,560.2,701.13,Texas,27.4,83.1
442,343.23,653.78,717.95,0.25,955.23,886.95,610.83,593.03,621.1,Texas,27.1,83.3
443,380.68,814.65,838.59,0.21,1186.68,1097.32,677.14,656.5,765.43,Texas,27.4,83.4
444,421.17,875.88,898.43,0.13,1175.22,1181.27,765.49,768.69,817.94,Texas,27.5,83.4
445,347.73,744.99,841.34,0.35,1029.93,1022.33,686.67,685.39,756.42,Texas,27.2,83.5
446,426.47,861.61,889.23,0.13,1167.13,1164.81,787.58,787.38,805.23,Texas,26.8,83.6
447,367.83,785.73,829.86,0.23,1140.37,1066.24,687.98,669.94,748.67,Texas,27.1,83.6
448,325.73,691.79,833.94,0.47,975.51,978.44,616.19,617.01,767.09,Texas,27.4,83.6
449,367.86,629.09,719.55,0.25,868.05,860.68,754.08,765.32,565.81,Texas,26.9,83.7
450,387.61,747.46,843.24,0.23,1036.59,1062.84,730.53,744.2,710.59,Texas,27.3,83.7
451,412.26,852.38,867.7,0.1,1132.91,1142.87,718.45,723.12,806.18,Texas,25.9,83.8
452,333.33,700.87,772.18,0.33,955.14,954.77,601.09,601.22,709.6,Texas,26.8,83.8
453,368.84,735.65,787.99,0.24,1101.01,998.85,725.31,700.57,688.06,Texas,27,83.8
454,337.25,698.58,758.75,0.31,979.55,958.06,603.02,600.01,684.28,Texas,27.8,83.9
455,345.42,615.97,653.51,0.19,803.65,830.18,678.65,695.68,579.48,Texas,25.9,84
456,362.18,709.55,744.28,0.19,1036.13,956.15,613.43,592.83,658.6,Texas,26.1,84
457,374.35,786.28,838.96,0.27,1126.01,1066.69,683.2,669.99,762.15,Texas,27,84
458,362.66,730.66,753.44,0.2,963.53,973.2,664.42,668.44,704.98,Texas,27.7,84
459,394.74,847.1,872.42,0.2,1117.56,1135.03,745.73,752.6,815.46,Texas,28,84
460,376.28,816.02,825.98,0.19,1137.3,1089.42,695.92,683.56,772.38,Texas,28.4,84
461,443.43,882.6,921.63,0.12,1217.98,1201.39,798,792.39,809.35,Texas,28.4,84
462,444.96,933.96,964.86,0.15,1276.12,1264.99,804.87,800.63,878.29,Texas,28.6,84
463,422.57,866.68,884.97,0.1,1177.03,1166.28,723.44,719.58,809.21,Texas,28.7,84
464,414.68,848.78,870.82,0.14,1135.64,1139.91,707.13,709.83,788.73,Texas,28.8,84
465,438.22,898.82,924.69,0.1,1229.52,1212.81,846.11,839.57,831.57,Texas,29.3,84
466,494.95,994.08,1020.92,0.21,1829.51,1343.28,828.27,750.23,851.79,Texas,27.7,84.2
467,419.59,818.32,880.77,0.17,1118.04,1140.28,759.6,773.27,756.92,Texas,28.2,84.2
468,339.14,745.01,828.24,0.53,1020.5,1020.36,622.19,623.16,786.03,Texas,26.8,84.4
469,391.95,797.77,857.62,0.24,1094.59,1089.01,765.93,766.25,764.22,Texas,27.1,84.4
470,341.3,721.96,847.9,0.58,1019.24,997.84,600.23,597.48,800.09,Texas,28.9,84.4
471,329.7,687.6,777.91,0.33,942.11,953.98,707.69,712.28,696.41,Texas,27.7,84.5
472,349.25,696.27,772.91,0.3,952.49,987.73,662.46,676.51,692.64,Texas,28.2,84.5
473,358.24,686.03,752.99,0.26,1003.24,942.17,648.21,632.8,645.78,Texas,28.4,84.5
474,354.63,718.26,834.35,0.54,986.86,999.45,638.22,641.99,786.49,Texas,26.5,84.6
475,318.25,616.14,710.19,0.35,852.58,853.63,576.84,577.73,631.77,Texas,27.4,84.6
476,427.48,844.59,888.94,0.16,1150.4,1163.52,774.5,783,780.45,Texas,30,84.6
477,335.27,678.8,790.86,0.34,953.22,957.92,608.68,611.56,696.91,Texas,27.8,84.8
478,309.37,624.89,778.65,0.62,890.14,880.01,547.17,545.99,729.08,Texas,28,84.9
479,352.91,696.63,772.86,0.24,985.29,958.33,647.12,639.62,665.15,Texas,25.7,85
480,363.64,775.08,830.94,0.24,1076.86,1056.89,691.59,685.88,752.87,Texas,27.1,85
481,304.76,582.91,585.93,0.17,757.94,754.28,585.72,585.14,567.86,Texas,27.1,85
482,389.73,854.5,882.57,0.16,1122.11,1147.24,741.96,751.32,824.76,Texas,27.1,85
483,375.68,771.05,783.29,0.16,1077.2,1025.61,666.29,651.08,716.42,Texas,27.4,85
484,379.46,776.89,834.31,0.22,1111.27,1066.35,681.15,667.7,734.17,Texas,28.2,85
485,378.32,767.98,776.15,0.14,1099.03,1023.6,654.41,633.92,710.23,Texas,28.2,85
486,347.77,709.46,761,0.24,1027.05,965.35,676.51,663.15,675.62,Texas,28.3,85
487,358.78,754.06,777.68,0.2,1076.1,1009.65,630.32,613.99,710.16,Texas,28.4,85
488,418.28,788.62,817.78,0.12,1043.42,1067.04,776.21,791.22,730.97,Texas,28.5,85
489,359.11,754.71,798.93,0.24,1064.48,1016.59,659.75,647.4,719,Texas,28.6,85
490,372.84,765.33,814.43,0.24,1086.67,1035.13,677.95,664.12,730.52,Texas,28.6,85
491,396.59,855.14,878.81,0.12,1154.33,1151.31,743.03,742.16,813,Texas,28.6,85
492,441.9,807.92,825.09,0.08,1075.48,1082.56,826.88,834.21,733.85,Texas,28.6,85
493,408.41,984.93,1042.98,0.29,1343.8,1339.12,796.11,795.37,975.69,Texas,28.6,85
494,411.6,890.46,917.8,0.14,1196.19,1199.39,740.11,741.52,847.67,Texas,28.7,85
495,339.38,724.22,758.62,0.24,999.02,972.43,617.41,610.66,699.34,Texas,29,85
496,469.5,987.18,1109.18,0.22,1379.73,1401.49,1013.65,1025.6,958.13,Texas,29,85
497,412.09,808.9,855.59,0.14,1102.36,1106.92,770.62,774.35,756.72,Texas,29,85
498,372.56,779.3,847.83,0.22,1076.33,1072.77,704.5,704.27,756.08,Texas,29.1,85
499,429.27,922.39,953.65,0.18,1232.02,1249.2,778.5,786.19,883.89,Texas,29.2,85
500,400.8,909.28,941.09,0.22,1224.48,1230.41,765.12,767.54,882.85,Texas,29.2,85
501,396.17,846.24,867.6,0.14,1131.16,1133,685.92,686.65,805.95,Texas,29.5,85
502,381.14,708.38,807.45,0.25,982.88,983.37,830.78,835.95,664.99,Texas,28.9,85.1
503,327.25,649.56,750.29,0.29,913.53,909.2,614.16,614.18,647.45,Texas,28.2,85.2
504,349.09,699.63,757.58,0.27,944.21,961.37,630.81,639.5,683.96,Texas,28.4,85.2
505,367.31,691.36,795.2,0.23,1011.93,955.3,628.64,608.97,658.32,Texas,28.8,85.2
506,371.78,706.15,753.51,0.16,959.85,950.23,650.74,646.7,658.76,Texas,28.4,85.3
507,340.76,712.54,812.12,0.55,963.11,994.7,606.65,613.43,769.96,Texas,28.2,85.4
508,454.82,895.46,915.48,0.09,1227.31,1208.6,852.98,846.09,821.77,Texas,28.7,85.4
509,347.58,775.5,829.93,0.51,1077.92,1028.97,605.07,599.42,794.14,Texas,27.5,85.5
510,391.16,708.04,777.8,0.2,984.22,1002.81,761.55,785.87,645.1,Texas,28.2,85.5
511,339.22,734.06,841.63,0.5,1037.89,1023.09,613.16,612.2,790.85,Texas,28.7,85.6
512,422.23,815.44,842.75,0.13,1098.97,1096.08,764.13,762.96,768.03,Texas,28.5,85.8
513,392.18,715.13,785.3,0.2,988.5,978.91,691.21,687.75,660.96,Texas,28.7,85.8
514,368.72,806.95,909.72,0.36,1142.08,1119.73,764.46,759.92,823.91,Texas,27.1,85.9
515,349.43,742.99,819.68,0.35,1005.24,1013.75,672.28,675.22,757.42,Texas,27.5,85.9
516,348.1,692.41,762.71,0.27,1001.66,948.66,652.86,641.75,664.44,Texas,28,85.9
517,359.25,717.11,757.27,0.19,998.24,969.53,649.71,640.6,675.31,Texas,27.4,86
518,351.24,684.88,728.27,0.24,1037.25,921.69,583.38,558.02,642.97,Texas,27.5,86
519,357.05,746.42,793.96,0.28,1047.65,1008.89,661.81,652.16,717.96,Texas,28,86
520,365.06,765.83,817.49,0.23,1073.55,1042.17,677.9,668.58,737.93,Texas,28.5,86
521,331.24,659.78,682.22,0.23,878.11,867.24,600.17,597.63,628.2,Texas,28.9,86
522,391.13,833.54,860.06,0.14,1125.88,1121.02,702.09,700.59,793.55,Texas,28.9,86
523,404.65,940.38,998.83,0.27,1283.33,1279.41,695.23,694.6,924.61,Texas,28.9,86
524,353.95,757.5,785.94,0.25,1023.96,1016.18,643.53,641.87,732.92,Texas,29.1,86
525,409.05,889.74,930.46,0.19,1194.23,1205.37,793,797.4,857.74,Texas,29.1,86
526,322.46,674.22,707.68,0.26,927.66,905.74,578.82,573.68,652.68,Texas,29.3,86
527,427.93,843.16,862.36,0.1,1141.56,1131.74,792.06,788.78,775.13,Texas,29.8,86
528,373.81,792.09,809.94,0.15,1062.76,1061.38,662.42,662.55,749.42,Texas,29.9,86
529,407.98,831.97,867.8,0.14,1125.93,1131.06,744.99,748.81,786.11,Texas,30,86
530,401.01,847.04,870.95,0.14,1129.92,1135.78,717.68,720.1,802.18,Texas,30,86
531,416.45,897.92,916.37,0.15,1189.83,1208.38,786.55,793.74,861.12,Texas,30,86
532,372.49,736.88,787.86,0.18,1034.12,1001.41,684.6,675.8,687.91,Texas,30,86
533,369.6,778.68,843.17,0.27,1183.99,1058.12,669.54,644.25,745.65,Texas,28.5,86.1
534,401.76,820.77,858.84,0.18,1088.21,1122.33,697.66,714.38,788.38,Texas,30.1,86.1
535,330.98,640.62,720.02,0.28,888.62,876.18,672.77,670.74,627.78,Texas,28.6,86.3
536,344.97,709.49,805.15,0.32,1005.65,973.94,724.73,715.73,697.16,Texas,27.7,86.6
537,371.61,803.28,866.45,0.28,1146.71,1099.04,713.19,701.25,777.27,Texas,28.1,86.6
538,347.03,686.02,770.97,0.28,950.81,945.93,699.14,699.2,673.43,Texas,29,86.6
539,331.79,693.16,770.54,0.33,979.91,966.19,594.57,594.26,697.55,Texas,28.5,86.9
540,397.92,840.79,855.02,0.16,1205.76,1126.73,683.42,662.33,786.14,Texas,27.1,87
541,315.07,654.09,734.94,0.38,929.15,895.92,564.71,558.14,663.61,Texas,27.2,87
542,346.42,772.25,787.32,0.27,1057.41,1024.82,632.81,625.66,742.8,Texas,27.5,87
543,358.3,740.23,831.85,0.39,1011.28,1015.49,641.93,644,765.93,Texas,27.7,87
544,369.84,759.13,819.09,0.23,1082.58,1039.19,667.75,655.53,725.44,Texas,27.9,87
545,351.64,721.63,775.16,0.26,1033.28,977.11,642.53,628.22,691.02,Texas,28.1,87
546,369.51,708.84,806.31,0.27,1041.4,984.6,685.93,667.17,674.71,Texas,28.3,87
547,369.82,805.65,835,0.23,1117.48,1080.4,629.11,620.73,775.79,Texas,28.5,87
548,370.57,814.83,838.89,0.21,1131.89,1090.05,666.99,656.17,779.05,Texas,29,87
549,370.58,809.29,830.73,0.23,1103.69,1081.4,686.01,680.56,775.89,Texas,29,87
550,369.34,778.02,848.05,0.25,1075.13,1065.46,720.85,719.94,759.6,Texas,29.2,87
551,425.65,840.55,895.62,0.14,1140.83,1144.91,925.74,929.45,783.94,Texas,29.4,87
552,430.73,825.91,890.41,0.16,1127.67,1134.97,781.73,788.15,760.02,Texas,29.6,87
553,348.17,720.1,768.11,0.26,1053.34,979.91,603.72,587.11,689.1,Texas,29.7,87
554,377.69,791.51,858.96,0.25,1124.18,1085.27,705.49,694.58,766.32,Texas,29.8,87
555,451.48,947.52,976.65,0.15,1272.8,1284.82,800.41,806.28,886.74,Texas,29.9,87
556,413.39,886.23,917.25,0.17,1174.62,1196.45,781.66,790.81,847.02,Texas,30,87
557,413.5,851.29,892.6,0.16,1155.51,1165.38,798.61,804.65,804.61,Texas,30.3,87
558,417.35,976.74,1031.46,0.27,1315.12,1331.68,830.6,836.03,968.89,Texas,30.3,87
559,448,883.44,904.88,0.1,1200.13,1195.37,837.12,837.01,808.05,Texas,30.6,87
560,353.53,700.57,762.88,0.26,990.41,958.31,679.7,671.95,667.09,Texas,28.9,87.1
561,370.83,744.19,785.96,0.22,991.66,1007.23,727.32,733.83,713.4,Texas,29,87.1
562,341.18,711.16,825.54,0.41,990.19,1011.15,624.01,630.55,757.76,Texas,29,87.2
563,336.36,704.6,806.24,0.38,984.89,981.49,637.46,639.1,738.08,Texas,29,87.2
564,338.25,676.92,738.69,0.26,968.43,930.61,628.88,619.21,648.28,Texas,29.2,87.2
565,383.83,765.55,788.19,0.18,1136.9,1025.12,646.65,616.7,704.57,Texas,29.7,87.2
566,371.37,722.79,827.83,0.3,1177.03,1007.25,687.16,655.46,700.45,Texas,30.5,87.2
567,344.88,713.9,831.39,0.41,998.09,1010.78,577.45,581.09,757.96,Texas,28.2,87.3
568,372.3,765.08,814.16,0.22,1077.03,1044.04,633.48,625.69,725.88,Texas,28.6,87.3
569,353.97,708.82,778.24,0.24,980.15,977.05,601.66,602.13,682.68,Texas,28.8,87.4
570,328.7,689.56,758.31,0.36,941.03,948.56,656.65,659.53,695.73,Texas,28.5,87.5
571,337.37,671.37,751.99,0.3,944.76,926,631.83,627.53,663.92,Texas,29.3,87.7
572,370.65,730.39,787.8,0.23,1058.93,999.33,715.59,698.71,684.4,Texas,28.7,87.8
573,340.22,676.9,714.03,0.22,942.86,914.44,688.42,680.21,636.57,Texas,29.5,87.8
574,388.84,738.71,792.45,0.17,1027.66,999.25,674.27,662.02,690.93,Texas,30.1,87.8
575,369.25,812.02,819.79,0.17,1108.3,1080.95,702.13,694.85,773.56,Texas,27,88
576,382.51,793.74,811.66,0.18,1146.99,1058.08,649.06,626.28,735.54,Texas,27.1,88
577,342.67,683.85,756.28,0.27,1000.95,933.89,628.53,610.56,651.69,Texas,27.8,88
578,348.79,749.21,753.23,0.17,1021.82,991.86,655.27,647.12,711.53,Texas,27.8,88
579,388.14,798.91,883.41,0.25,1158.32,1093,730.79,710.85,768.09,Texas,28,88
580,366.76,762.37,791.49,0.22,1105.55,1020.88,629.71,609.58,718.58,Texas,28,88
581,330.92,660.67,683.28,0.22,870.03,870.5,638.21,639.44,643.17,Texas,28.1,88
582,398.36,837.22,852.78,0.15,1200.98,1119.83,715.87,693.27,775.24,Texas,28.4,88
583,371.01,779.96,809.73,0.2,1098.18,1046.95,672.92,658.56,733.78,Texas,28.5,88
584,405.22,854.97,867.5,0.14,1182.7,1143.64,754.99,744,801.43,Texas,28.7,88
585,362.72,810.5,830.18,0.21,1129.18,1087.13,669.33,659.44,777.2,Texas,28.8,88
586,346.55,716.84,773.36,0.28,996.76,984.53,639.57,636.65,695.18,Texas,29,88
587,330.43,701.72,780.88,0.36,958.48,976.81,586.38,593.14,717.28,Texas,29.3,88
588,416.07,912.23,929.27,0.16,1215.25,1225.34,764.87,768.57,879.17,Texas,29.5,88
589,360.92,862.63,903.77,0.38,1161.03,1167.49,682.59,684.36,856.09,Texas,30.1,88
590,373.08,790.9,836.22,0.21,1056.2,1075.35,685.34,692.57,771.88,Texas,30.2,88
591,432.81,1003.06,1068.29,0.24,1397.45,1374.75,877.04,869.33,977.27,Texas,30.2,88
592,376.09,772.58,789.15,0.15,1065.25,1027.75,685.93,673.99,719.91,Texas,30.4,88
593,487.44,912.52,927.95,0.06,1235.88,1228.25,871.96,871.31,825.76,Texas,31.3,88
594,321.25,628.94,767.07,0.36,893.33,901.59,616.33,619.99,654.84,Texas,28.7,88.1
595,345.76,717.67,831.3,0.49,1002.67,1016.53,619.28,623.76,778.71,Texas,28.9,88.3
596,339.14,712.13,796.26,0.51,973.91,979.03,616.01,617.8,751.98,Texas,29.1,88.3
597,372.59,736.09,811.33,0.27,1022.43,1027.83,738.06,744,715.08,Texas,29.3,88.3
598,422.71,877.95,889.93,0.11,1164.71,1172.34,766.89,769.98,830.4,Texas,27.9,88.4
599,333.11,715.39,804.63,0.36,977.61,986.45,632.75,635.95,736.31,Texas,29,88.4
600,410.74,879.31,917.2,0.16,1177.73,1190.32,766.04,771.16,844.03,Texas,27.8,88.6
601,418.92,874.65,908.57,0.15,1179.88,1189.22,765.34,770.08,821.32,Texas,29.3,88.7
602,324.84,643.92,704.35,0.28,876.98,889.76,602.36,610.66,630.64,Texas,30.9,88.8
603,367.44,738.27,814.48,0.28,1107.01,1022.39,711.59,693.22,706.56,Texas,29.3,88.9
604,386.1,884.27,894.4,0.21,1210.81,1183.75,688.44,681.77,852.39,Texas,28.7,89
605,454.63,902.35,922.84,0.09,1222.83,1220.51,777.06,777.96,824.18,Texas,28.7,89
606,386.58,769.13,803.76,0.19,1086.25,1038.85,704.16,688.54,708.14,Texas,28.8,89
607,363.82,757.67,815.82,0.24,1058.17,1041.32,686.14,681.62,733.53,Texas,28.8,89
608,388.77,804.63,824.1,0.15,1141.29,1080.4,712.34,694.51,747.01,Texas,28.9,89
609,377.13,746.62,798.32,0.23,1112,1008.78,701.43,674.32,701.98,Texas,28.9,89
610,388.96,834.43,878.57,0.24,1197.9,1126.88,753.67,734.48,791.67,Texas,29.5,89
611,416.88,895.86,948.51,0.2,1220.77,1218.69,867.11,868.38,867.63,Texas,29.8,89
612,391.38,819.03,830.45,0.17,1143.47,1088.51,711.83,696.19,767.58,Texas,30.1,89
613,340.63,729.79,798.06,0.32,1014.39,1004.52,635.71,633.96,723.06,Texas,30.1,89
614,457.19,955.72,996.82,0.13,1303.39,1304.38,892.08,894.86,893.97,Texas,30.3,89
615,530.02,1025.42,1029.7,0.05,1421.25,1380.93,1009.57,992.75,939.85,Texas,30.3,89
616,366.89,847.55,898.38,0.34,1147.71,1152.92,686.94,689.12,844.99,Texas,30.6,89
617,409.92,760.55,826.86,0.18,1032.37,1054.75,780.27,800.57,684.64,Texas,27.9,89.1
618,333.03,675.02,788.08,0.38,934.35,952.34,649.58,656.32,710.9,Texas,29,89.1
619,401.27,777.07,813.12,0.15,1023.89,1049.66,849.05,863.93,724.4,Texas,27.9,89.2
620,392.09,798.5,826.27,0.21,1256.92,1072.29,654.8,615.28,732.94,Texas,29.6,89.2
621,487.97,896.88,920.56,0.16,1394.79,1206.76,777.89,719.87,805.07,Texas,30.5,89.2
622,336.4,639.65,787.61,0.6,910.66,885.65,588.7,585.26,735.27,Texas,28,89.5
623,349.92,735.59,807.1,0.31,1027.9,1013.19,666.88,663.5,725.55,Texas,30.4,89.5
624,399.96,721.18,747.65,0.15,962.04,953.49,802.51,803.11,661.91,Texas,29.6,89.7
625,349.93,787.06,821.44,0.3,1047.34,1066.63,659.22,664.63,777.96,Texas,29.4,89.9
626,347.41,725.78,808.32,0.31,1013.87,1013.91,615.06,617.17,722.27,Texas,30.1,89.9
627,358.46,725.87,805.18,0.27,1053.76,1002.9,649.21,636.3,701.7,Texas,28.5,90
628,398.97,876.74,886.4,0.17,1219.93,1172.32,738.63,726.6,831.75,Texas,28.9,90
629,338.61,657.53,663.12,0.15,849.1,857.27,644.6,648.31,637.75,Texas,29.4,90
630,368.37,782.62,817.12,0.23,1105.41,1052.93,686.65,672.81,740.87,Texas,29.6,90
631,348.8,739.17,790.88,0.27,1020.94,1003.93,661.43,657.04,719.96,Texas,29.7,90
632,335.94,726.77,792.87,0.35,1004.88,993.16,620.12,618.05,731.19,Texas,29.9,90
633,427.73,901.26,925.29,0.15,1218.42,1215.28,846.51,845.77,861.86,Texas,29.9,90
634,368.35,857.47,931.54,0.36,1176.57,1179.61,708.15,709.2,868.12,Texas,30,90
635,392.18,886.34,905.67,0.2,1254.75,1190.7,714.05,698.74,840.58,Texas,30.1,90
636,365.69,769.75,782.45,0.14,1070.89,1027.93,680.7,668.28,724.59,Texas,30.1,90
637,358.81,764.48,787.76,0.22,1035.14,1022.82,648.91,645.9,734.95,Texas,30.2,90
638,414.6,806.9,826.71,0.11,1068.4,1082.12,760.17,768.07,755.19,Texas,30.9,90
639,357.29,847.93,897.61,0.45,1154.71,1147.59,667.2,666.24,855.67,Texas,31.3,90
640,419.58,840.83,893.71,0.15,1142.92,1158.4,833.36,843.57,792.58,Texas,31.6,90
641,363.43,738.15,840.83,0.29,1038.25,1032.8,667.31,666.02,736.33,Texas,29.6,90.3
642,353.06,721.66,808.87,0.31,1031.75,1011.99,633.17,630.2,720.92,Texas,30.3,90.5
643,417.21,843.91,853.26,0.12,1129.77,1120.98,729.88,726.83,804.41,Texas,30.9,90.6
644,456.45,980.05,1056.38,0.22,1345.81,1347.81,856.63,858.74,948.03,Texas,31.4,90.7
645,345.47,687.51,809.56,0.32,981.41,980.99,613.26,614.76,698.25,Texas,29.5,90.8
646,441.09,868.8,922.33,0.2,1209.23,1198.49,815.75,811.97,818.98,Texas,30.3,90.9
647,346.3,718.69,769.06,0.31,997.24,968.47,645.29,639.22,701.6,Texas,30.4,90.9
648,360.95,790.01,803.03,0.22,1085.95,1048.49,648.31,639,751.49,Texas,28,91
649,341.04,688.61,852.97,0.54,989.61,982.27,612.42,612.53,792.64,Texas,29,91
650,389.11,854.54,903.02,0.21,1182.34,1159.55,771.23,764.21,823.69,Texas,29.1,91
651,339.82,761.53,773.31,0.26,1041.05,1010.42,622.78,616.04,733.31,Texas,29.2,91
652,372.2,830.08,843.79,0.21,1145.23,1106.37,702.4,692.87,789.85,Texas,29.5,91
653,398.23,813.08,837.9,0.21,1137.8,1086.72,648.34,635.21,769.63,Texas,29.5,91
654,392.65,814.34,819.32,0.11,1149.37,1088.89,728.5,712.28,758.42,Texas,29.6,91
655,368.26,769.87,782.21,0.16,1090.49,1022.2,670.3,651.18,714.64,Texas,29.8,91
656,349.04,744.11,762.15,0.18,1013.97,992.86,631.27,625.55,710.08,Texas,29.8,91
657,387.52,823.95,839.6,0.17,1190.89,1104.82,652.96,631.27,767.24,Texas,30.1,91
658,384.01,768.2,798.78,0.16,1098.29,1037.68,695.31,676.43,708.38,Texas,30.2,91
659,419.04,861.47,928.32,0.22,1194.83,1177.54,805.17,799.79,826.05,Texas,30.5,91
660,392.51,796.78,838.35,0.18,1143.3,1074.69,718.41,696.81,742.82,Texas,30.8,91
661,417.65,873.52,896.83,0.12,1169.24,1179.73,745.7,751.03,835.19,Texas,31.6,91
662,358.71,780.48,850.4,0.32,1075.23,1072.02,693.08,693.48,780.3,Texas,31.6,91
663,359.58,867.26,885.45,0.41,1141.65,1148.18,639.29,640.99,855.09,Texas,30.2,91.2
664,343.06,698.46,795.96,0.34,952.33,996.96,625.24,640.34,722.03,Texas,30.8,91.3
665,321.99,655.25,759.51,0.41,900.24,909.18,569.08,571.55,697.3,Texas,29.8,91.4
666,422.32,789.27,816.7,0.17,1109.98,1047.65,814.63,793.71,733.73,Texas,30.5,91.4
667,431.54,866.41,901.02,0.14,1210.04,1169.03,840.81,826.36,797.44,Texas,90,91.5
668,420.72,718.03,775.39,0.14,1018.81,975.81,792.09,791.16,629.85,Texas,30,91.6
669,395.46,759.63,824.13,0.22,1124.02,1037.58,751.59,724.34,695.62,Texas,30.2,91.7
670,330.69,687.32,780.33,0.36,940.44,949.68,700.8,703.72,696.08,Texas,30.4,91.8
671,338.5,707.36,791.93,0.35,1006,984.33,633.41,631.15,716.53,Texas,30.9,91.8
672,367.81,724.69,839.39,0.33,1022.17,1075.84,719.98,741.41,733.25,Texas,29.8,91.9
673,353.14,732.72,804.25,0.27,1024.65,1013.72,679.34,676.16,713.79,Texas,28.3,92
674,358.07,740.4,768.93,0.22,1021.55,988.65,641.04,632.29,699.44,Texas,29.2,92
675,366.17,747.94,822.03,0.27,1073.33,1027.19,690.16,677.06,716.03,Texas,30,92
676,358.5,785.91,800.27,0.21,1089.22,1045.27,629.48,618.82,747.45,Texas,30,92
677,374.48,832.71,857.55,0.23,1163.54,1113.48,668.6,656.57,795.4,Texas,30.2,92
678,391.4,907.08,929.31,0.25,1264.77,1211.79,731.3,719.21,870.46,Texas,31.1,92
679,368.83,707.8,806.97,0.26,973.58,999.68,810.35,828.47,671.17,Texas,31.9,92
680,430.04,820.39,846.74,0.13,1125.28,1108.23,797.47,793.2,745.64,Texas,30.6,92.1
681,345.35,719.85,812.77,0.35,986.16,1010.81,626.38,634.93,741,Texas,30.3,92.2
682,357.01,749.17,819.57,0.35,1063.24,1026.96,681.33,674.94,745.17,Texas,30.4,92.4
683,356.77,741.09,814.51,0.29,1075.84,1022.28,655.83,642.08,718.03,Texas,31.5,92.4
684,336.6,704.05,819.81,0.37,992.76,995.18,685.02,686.45,731.22,Texas,30.5,92.5
685,415.92,837.71,858.97,0.12,1126.47,1120.53,756.36,754.44,788.89,Texas,31,92.5
686,312.09,624.56,780.86,0.49,896.43,893.99,587.13,587.52,712.1,Texas,31.4,92.5
687,375.17,737.84,897.03,0.37,1104.53,991.29,720.92,689.07,774.07,Texas,31,92.6
688,389.57,811.38,825.49,0.15,1179.44,1087.31,693.12,668.13,747.63,Texas,28.7,93
689,405.87,801.41,805.08,0.09,1137.49,1067.2,769.08,745.61,731.58,Texas,29.3,93
690,395.65,836.51,859.73,0.22,1142.63,1114.68,666.99,658.99,798.96,Texas,29.4,93
691,385.64,823.84,845.4,0.19,1171.25,1106.24,658.83,641.87,776.04,Texas,29.6,93
692,368.44,796.06,841.5,0.22,1106.49,1079.89,683.44,676.16,768.42,Texas,30.1,93
693,389.82,824.1,859.8,0.2,1169.61,1114.77,689.31,674.5,779.35,Texas,30.1,93
694,365.47,701.13,707.59,0.11,986.01,924.35,653.48,631.99,639.6,Texas,31.8,93
695,414.33,885.93,903.62,0.11,1197.39,1189.38,738.14,735.47,836.33,Texas,31.8,93
696,429.09,841.11,857.05,0.09,1127.75,1128.85,773.13,774.04,776.88,Texas,32.2,93
697,359.18,847.45,889.75,0.33,1144.21,1144.86,665.82,666.34,838.87,Texas,32.4,93
698,412.1,826.53,842.05,0.12,1093.22,1103.63,756.56,761.78,780.43,Texas,30.7,93.1
699,423.47,798.42,844.85,0.16,1114.4,1088.68,753.7,744.6,731.86,Texas,30.4,93.2
700,387.55,815.96,890.59,0.26,1154.08,1123.23,695.51,687.84,787.72,Texas,30.6,93.9
701,364.37,773.07,846.68,0.29,1093.25,1070.61,656.63,652.05,756.46,Texas,30.9,93.9
702,381.71,806.59,820.7,0.17,1091.28,1069.62,722.31,715.3,759.81,Texas,29.4,94
703,367.75,772.91,798.27,0.21,1090.84,1033.83,658.57,643.88,727.78,Texas,30,94
704,380.78,857.41,864.44,0.21,1185.67,1141.47,720.63,709.39,812.77,Texas,30,94
705,423.84,927.2,985.6,0.22,1341.07,1267.39,811.27,790.72,881.7,Texas,32.2,94
706,488.34,980.04,1002.37,0.11,1308.74,1326.47,871.18,881.55,904.18,Texas,32.6,94
707,371.36,864.63,882.37,0.24,1175.93,1156.29,700.61,695.94,834.52,Texas,32.6,94
708,491.08,949.6,953.84,0.06,1264.59,1269.67,905.58,909.03,894.33,Texas,32.8,94
709,379.67,790.31,849.56,0.26,1135.16,1074.87,738.61,721.46,750.08,Texas,31,94.1
710,350.5,752.49,801.04,0.41,1011.93,1008.45,644.99,644.87,760.8,Texas,31.5,94.2
711,410.6,775.96,806.36,0.15,1038.77,1037.84,820.57,823.66,708.72,Texas,33.7,94.7
712,400.3,763.24,827.94,0.21,1052.64,1061.57,777.2,785.76,707.2,Texas,33.4,94.9
713,475.45,935.5,962.17,0.09,1258.97,1264.89,936.67,941.13,864.32,Texas,22.3,95
714,383.39,814.97,836.49,0.16,1119.99,1089.23,730.96,720.89,767.59,Texas,30.1,95
715,360.3,810.49,845.02,0.28,1098.58,1091.08,697.3,695.65,791.35,Texas,30.1,95
716,382.59,761.73,874.31,0.31,1092.05,1095.73,771.84,780.85,755.58,Texas,30.5,95.3
717,352.13,727.12,812.69,0.34,1038.15,1007.49,758.61,752.77,720.52,Texas,32,95.4
718,331.05,649.13,822.71,0.43,956.65,928.24,660.17,655.89,708.98,Texas,29.8,96
719,378.93,814.9,820.4,0.12,1133.36,1085.56,694.15,680.54,766.43,Texas,31.3,96
720,358.61,751.33,778.01,0.2,1044.07,1002.09,646.16,634.36,710.45,Texas,31.4,96
721,360.02,802.8,907.2,0.49,1112.99,1126.07,652.95,656.76,854.45,Texas,33.5,96.7
722,355.69,764.54,802.39,0.26,1028.68,1026.99,684.44,684.08,745.5,Texas,25.3,97
723,390.25,802.54,862.91,0.21,1155.96,1099.36,724.39,707.54,755.45,Texas,31.5,97
724,368.49,771.57,837.1,0.26,1102.15,1059.36,652.06,640.96,746.53,Texas,31.6,97
725,382.18,801.53,818.53,0.13,1096.13,1072.39,723.5,715.43,754.63,Texas,33.3,97
726,344.67,690.56,698.6,0.18,912.61,910.3,625.83,625.08,671.12,Texas,31.3,98
727,353.4,770.32,773.32,0.18,1049.75,1018.83,672.23,664.03,732.69,Texas,31.6,98
728,382.69,878.78,888.93,0.23,1245.16,1170.8,714.98,699.16,832.25,Texas,31.7,98
729,392.03,843.74,919.13,0.29,1258.36,1153.38,746.74,723.27,816.03,Texas,31.3,98.1
730,388.91,823.03,839.13,0.18,1172.81,1106.21,706.72,688.57,774.14,Texas,30.2,99
731,403.94,796.06,807.22,0.13,1058.86,1059.34,780.67,781.2,752.35,Texas,31.1,99
732,421.54,896.41,966.76,0.26,1408.09,1225.73,785.88,743.99,838.18,Texas,32,100
733,404.88,855.82,873.49,0.12,1213.29,1151.75,692.53,674.04,791.22,Texas,32.2,100
734,446.52,1012.17,1041.33,0.22,1521.27,1373.79,814,780.94,946.19,Texas,33.1,101
735,389.96,873.7,931.11,0.3,1237.91,1194.19,806.47,795.69,847.65,Texas,33.8,101.9
736,417.57,966.03,1010.06,0.27,1413,1307.79,765.41,742.87,925.25,Texas,32.3,102
737,398.13,874.32,902.9,0.21,1265.17,1173.75,693.41,671.22,827.68,Texas,32.4,103
738,414.72,920.69,930.34,0.16,1278.03,1234.07,796.73,785.05,868.35,Texas,33.6,104
739,398.43,849.26,876.51,0.17,1226.67,1144.25,723.57,700.18,786.59,Texas,34.4,105
740,496.52,1056.79,1067.37,0.09,1459.36,1428.55,983.26,970.58,988.32,Texas,36.4,105
741,430.79,1014.31,1033.69,0.19,1372.58,1364.27,843.95,840.94,972.56,Texas,37.1,105
742,379.01,622.22,739.81,0.26,878.91,853.45,835.83,865.19,521.89,Texas,35.8,105.1
743,382.36,880.72,920.95,0.27,1226.11,1196.84,678.7,672.72,865.85,Texas,34.6,106
744,462.84,1032.7,1095.29,0.21,1480.77,1419.41,786.77,769.63,990.7,Texas,35.5,108
745,397.47,872.47,891.8,0.19,1225.48,1169.47,751.7,736.3,823.99,Texas,36.3,109
746,396.73,891.16,910.5,0.17,1218.87,1195.15,753.58,747.04,853.4,Texas,35,110
747,447.15,941.7,1013.57,0.2,1371.2,1307.38,778.01,759.02,890.88,Texas,36.3,110
748,403.53,929.32,1020.27,0.33,1323.75,1283.82,795.07,786.81,933.99,Texas,36.5,112
749,398.63,873.44,958.68,0.27,1252.15,1207.13,804.84,793.7,847.24,Texas,42,122.6