Driver Age,Driver Experience,Previous Accidents,Annual Mileage (x1000 km),Car Manufacturing Year,Car Age,Insurance Premium ($)
56,32,4,17,2002,23,488.35
46,19,0,21,2025,0,486.15
32,11,4,15,2020,5,497.55
60,0,4,19,1991,34,498.35
25,7,0,13,2005,20,495.55
38,13,2,11,1998,27,494.75
56,37,3,14,1998,27,485.6
36,18,1,19,2000,25,492.35
40,10,4,14,2011,14,497.1
28,10,5,12,2022,3,499.8
28,10,5,20,2025,0,499.9
41,2,3,24,2012,13,498.2
53,32,5,24,2023,2,488.7
57,5,2,15,1998,27,493.55
41,9,5,13,2013,12,498.45
20,2,1,23,1997,28,500.85
39,21,1,22,1996,29,491.4
19,1,4,23,2025,0,503.05
41,1,0,19,2007,18,494.25
61,12,2,14,1992,33,491.2
47,29,4,16,2017,8,489.5
55,1,2,12,1995,30,495.3
19,1,0,16,2010,15,498.2
38,0,5,13,2017,8,501.35
50,32,5,22,1990,35,492.5
29,8,0,22,2025,0,492.9
39,16,4,19,2010,15,495.85
61,8,0,21,2024,1,486.55
42,10,3,12,2002,23,496.0
44,14,1,25,1999,26,492.35
59,23,4,22,1999,26,491.0
45,27,2,22,2002,23,489.3
33,15,3,19,2013,12,495.55
32,14,4,15,1991,34,499.55
64,30,0,18,2011,14,480.5
61,4,0,12,2006,19,489.1
20,2,0,16,2025,0,496.2
54,10,0,13,2003,22,489.05
24,6,2,22,1999,26,500.1
38,20,3,22,2024,1,492.1
26,8,5,24,2014,11,502.2
56,34,1,20,1992,33,484.4
35,17,2,15,2006,19,493.55
21,0,2,22,2001,24,502.3
42,24,5,18,2013,12,494.0
31,13,5,20,2018,7,499.1
26,8,1,24,2014,11,496.2
43,7,1,11,2025,0,491.35
19,1,5,15,2015,10,505.15
37,19,0,13,1990,35,491.05
45,27,2,14,2009,16,488.2
64,13,4,12,2017,8,490.7
24,6,1,19,2005,20,497.85
61,34,1,13,2006,19,481.65
25,7,5,25,2017,8,502.45
64,36,3,12,2001,24,483.9
52,4,4,20,2016,9,496.3
31,13,4,21,2019,6,497.55
34,13,1,19,2023,2,491.95
53,25,0,17,1995,30,485.75
57,3,3,16,1996,29,495.9
21,3,4,11,2021,4,501.85
19,1,1,15,2021,4,498.55
23,5,4,22,2014,11,502.1
59,39,3,21,2022,3,482.35
21,3,3,24,1996,29,503.5
46,28,2,25,2001,24,489.05
35,17,5,21,2005,20,498.45
43,13,5,13,2005,20,497.65
61,31,1,11,2025,0,480.55
51,33,3,14,2002,23,487.4
27,9,2,23,1996,29,498.95
53,22,2,12,2025,0,486.4
31,13,4,12,1998,27,499.2
48,30,4,13,2021,4,488.45
65,24,2,18,2000,25,486.2
32,14,4,18,1997,28,499.1
25,7,3,22,2022,3,498.8
31,1,0,25,2012,13,496.05
40,13,3,17,2014,11,494.55
57,39,2,16,1997,28,483.5
38,20,2,19,2011,14,491.75
33,15,3,14,1993,32,497.3
62,5,4,22,1992,33,496.5
35,5,4,11,2018,7,498.75
64,2,5,18,2018,7,495.7
41,6,2,17,2023,2,494.05
43,7,1,17,2023,2,491.85
42,14,5,25,2017,8,496.95
62,28,4,13,2002,23,488.15
58,32,3,14,2004,21,486.1
46,28,4,20,2012,13,490.7
32,14,3,19,2015,10,495.85
62,26,5,25,1993,32,491.75
18,0,2,16,2015,10,501.2
42,24,4,25,1998,27,494.35
24,6,3,25,1994,31,502.25
26,8,2,15,2021,4,496.55
41,23,1,13,2009,16,488.65
18,0,3,19,2000,25,504.35
61,32,5,15,2004,21,488.55
25,3,1,15,2021,4,496.75
41,21,1,24,2017,8,489.0
28,1,0,14,2011,14,496.2
34,9,4,24,2006,19,499.6
25,4,3,14,2015,10,500.0
52,9,1,22,1996,29,492.4
52,32,0,11,2015,10,481.55
50,32,5,17,2014,11,489.85
22,4,2,19,1999,26,500.95
59,30,3,13,2008,17,486.05
56,35,1,22,2000,25,483.4
58,23,4,23,2002,23,490.95
45,14,0,25,1997,28,490.85
24,6,1,12,1993,32,498.7
26,7,4,13,2020,5,499.85
25,4,1,11,2017,8,496.65
29,11,3,16,2000,25,498.7
51,3,3,21,1990,35,497.95
50,11,3,21,2013,12,493.45
65,1,5,17,2020,5,495.55
40,22,5,21,2015,10,494.95
41,23,0,21,1994,31,489.05
54,35,3,12,2009,16,485.4
52,34,4,18,2000,25,488.8
61,25,1,24,2022,3,483.3
57,26,2,16,2016,9,485.5
39,4,4,24,2023,2,498.4
44,19,5,14,2004,21,495.8
52,10,5,15,2021,4,495.25
18,0,4,18,2010,15,504.8
52,34,5,24,1994,31,491.2
54,36,3,13,1995,30,486.55
64,5,0,13,2011,14,487.75
31,7,1,24,2007,18,496.2
20,2,0,25,2003,22,498.85
18,0,1,24,1999,26,501.7
22,4,1,21,2002,23,499.25
43,25,0,14,2020,5,485.1
31,12,4,11,2019,6,497.35
56,38,1,19,1992,33,483.15
44,17,0,18,2019,6,487.6
26,8,1,18,1995,30,497.8
32,14,2,24,2018,7,494.3
32,14,4,20,1997,28,499.2
43,11,3,16,2022,3,493.7
59,35,1,17,2006,19,481.95
30,3,2,16,2000,25,499.4
49,4,3,19,2002,23,496.75
56,36,3,13,2000,25,485.65
49,7,1,24,2020,5,491.3
21,3,0,13,2017,8,496.35
47,29,1,13,1995,30,487.05
54,8,2,20,2005,20,492.8
40,22,3,13,1993,32,493.75
56,13,1,19,2024,1,487.45
62,39,0,22,2015,10,478.0
32,14,1,14,2001,24,494.0
60,21,4,23,2000,25,491.35
46,10,0,17,2014,11,489.75
53,22,2,24,2007,18,488.8
30,0,3,25,2008,17,501.45
49,31,1,19,2012,13,484.65
24,6,0,21,2007,18,496.25
39,21,4,22,2015,10,494.0
45,27,0,17,1995,30,486.75
19,1,5,19,1993,32,507.55
59,0,4,22,2018,7,496.0
62,39,2,13,2023,2,479.75
23,5,3,25,2006,19,501.55
45,20,2,14,2005,20,490.7
45,8,1,24,1991,34,494.7
61,8,0,18,2023,2,486.5
61,9,5,16,1997,28,496.2
37,19,4,15,2002,23,495.95
47,29,4,23,1997,28,491.85
28,10,0,14,2019,6,492.7
45,24,5,18,2021,4,492.6
42,24,0,11,2025,0,484.95
56,10,1,24,2019,6,489.1
50,32,2,19,1990,35,487.85
18,0,4,11,2006,19,504.85
44,6,1,18,2009,16,493.4
30,12,2,14,2013,12,495.3
58,26,1,19,2011,14,484.45
20,2,5,24,2018,7,504.8
56,26,4,21,2011,14,489.45
23,5,0,15,1998,27,497.35
25,7,0,13,1999,26,496.15
44,24,2,19,2025,0,487.95
26,6,3,21,2017,8,499.35
54,5,5,24,2017,8,497.2
50,23,2,24,2010,15,488.8
59,32,3,19,2013,12,485.25
61,28,1,14,1991,34,485.0
41,21,5,21,1997,28,496.85
32,14,1,14,2016,9,492.5
49,27,4,22,2011,14,490.6
49,20,5,18,2016,9,493.5
41,6,3,12,2018,7,495.8
58,16,4,19,1992,33,493.85
29,11,0,23,2002,23,494.35
56,38,3,24,1999,26,485.7
19,1,2,16,2025,0,499.7
20,2,0,19,1998,27,499.05
54,27,0,18,2016,9,482.9
34,16,2,25,2023,2,492.85
19,1,5,25,1990,35,508.15
19,0,0,17,2021,4,497.45
45,27,3,23,2014,11,489.65
40,12,4,24,2018,7,496.3
54,29,0,11,1996,29,483.95
49,22,3,24,1992,33,492.6
50,18,1,22,2009,16,488.8
18,0,3,13,2009,16,503.15
36,18,4,21,2019,6,495.05
19,1,3,24,2024,1,501.7
61,28,2,12,2024,1,483.1
43,25,4,15,2016,9,491.55
49,15,5,25,2015,10,495.45
23,5,1,15,2003,22,498.35
49,18,2,15,2006,19,490.45
21,3,5,14,2007,18,504.9
28,0,3,15,2018,7,500.35
34,13,4,13,2009,16,497.55
55,1,1,22,2016,9,492.2
41,23,2,11,2007,18,490.25
22,4,5,15,1993,32,505.85
51,33,5,23,1990,35,492.05
23,3,1,19,1990,35,500.45
39,0,3,23,2015,10,498.85
28,7,1,19,2009,16,496.35
65,28,5,14,2012,13,488.1
33,15,0,13,1999,26,492.15
50,2,2,11,2000,25,495.45
26,8,1,12,1994,31,497.6
23,5,5,18,1990,35,505.8
33,9,3,11,2006,19,497.65
46,18,5,18,2011,14,495.2
20,2,3,23,2023,2,501.25
37,19,1,17,2018,7,489.95
53,22,3,25,1993,32,491.75
36,18,4,18,1994,31,497.4
43,25,4,22,2000,25,493.5
20,2,4,16,2010,15,503.7
36,18,0,22,2024,1,488.6
37,7,1,24,2001,24,495.6
49,0,5,25,2015,10,499.95
24,2,5,25,2008,17,505.05
58,23,0,19,1996,29,485.35
50,22,3,13,1996,29,491.45
57,7,0,20,2015,10,488.5
56,36,3,14,1994,31,486.3
35,2,3,23,2010,15,499.55
57,32,2,16,2003,22,485.0
18,0,5,18,1993,32,508.0
28,7,4,15,2012,13,500.35
45,27,3,13,2009,16,489.65
42,24,2,16,2004,21,490.3
40,22,5,14,2018,7,494.3
48,23,4,19,1997,28,493.25
47,13,3,23,2008,17,494.05
59,31,3,13,2017,8,484.85
52,15,0,14,2016,9,486.7
24,3,0,17,1993,32,498.35
33,15,5,17,2004,21,499.35
43,20,4,22,2024,1,492.6
65,13,3,22,1990,35,492.2
19,1,5,14,1992,33,507.4
18,0,5,16,2013,12,505.9
65,6,1,22,2016,9,488.7
29,9,0,23,2025,0,492.65
22,4,4,13,2023,2,501.25
54,32,3,16,2018,7,485.6
49,22,5,22,2013,12,493.4
26,8,3,12,2013,12,498.7
58,18,1,18,1993,32,488.6
52,18,4,12,1992,33,494.1
36,18,5,21,2023,2,496.15
65,28,3,17,2012,13,485.25
33,15,0,19,2012,13,491.15
20,1,1,11,1994,31,500.85
37,0,4,18,2020,5,500.0
41,4,1,17,1995,30,495.95
50,19,0,16,1999,26,487.7
41,10,4,16,1996,29,498.5
28,1,1,16,2010,15,497.9
25,2,2,19,2009,16,499.95
53,22,0,12,1992,33,486.7
55,11,0,11,2011,14,487.65
57,19,0,23,1993,32,487.25
37,4,2,22,2017,8,496.3
52,34,2,16,2001,24,485.6
65,37,3,20,2025,0,481.4
42,24,5,21,1994,31,496.05
52,8,1,18,2002,23,491.9
42,24,3,13,2012,13,490.85
46,28,1,22,2019,6,485.6
35,17,5,20,2014,11,497.5
63,23,2,11,2016,9,484.95
35,16,5,19,2003,22,498.85
19,1,2,23,2025,0,500.05
52,29,5,23,2005,20,491.55
33,15,3,11,2011,14,495.35
58,31,4,13,2010,15,487.25
53,16,3,18,2010,15,491.5
50,16,1,24,1997,28,490.7
21,3,3,13,2005,20,502.05
50,8,0,23,2020,5,489.25
31,13,1,14,1999,26,494.7
38,1,5,18,2021,4,500.9
65,24,1,11,2023,2,482.05
37,19,4,23,1998,27,496.75
25,7,2,23,2006,19,498.95
24,6,5,16,2000,25,504.2
20,2,1,11,2021,4,497.85
34,16,5,24,1999,26,499.7
50,28,5,11,2011,14,491.05
65,33,5,24,2006,19,487.7
29,11,2,18,1993,32,498.0
39,21,3,21,2014,11,492.55
39,10,5,14,2010,15,498.9
63,5,0,22,1990,35,490.5
47,17,4,11,2014,11,493.15
55,20,2,20,2025,0,487.0
55,35,1,17,2006,19,482.75
62,40,2,15,2013,12,480.55
25,7,1,15,1991,34,498.55
44,26,2,11,2004,21,489.05
44,16,1,24,2021,4,489.5
51,33,5,20,1995,30,491.4
38,20,3,21,1990,35,495.45
47,29,1,16,2012,13,485.5
50,11,1,24,2006,19,491.3
45,22,0,19,2023,2,485.55
64,21,1,19,2018,7,484.05
50,20,0,18,1998,27,487.6
22,4,4,15,2002,23,503.45
65,30,5,11,1995,30,489.05
36,5,0,19,1995,30,495.25
21,3,3,11,2009,16,501.55
52,34,5,18,1992,33,491.1
34,16,0,15,2006,19,491.05
61,11,5,13,2001,24,495.05
45,6,5,21,1990,35,501.25
47,9,5,17,2006,19,498.15
46,16,4,17,1992,33,496.15
63,25,3,19,2015,10,486.35
23,5,2,17,2004,21,499.85
52,27,2,23,2025,0,485.65
58,1,0,21,2021,4,489.55
54,0,5,24,2021,4,498.3
41,23,0,13,1993,32,488.75
46,25,4,21,2007,18,492.15
63,28,4,23,2008,17,487.85
48,20,1,25,2024,1,487.25
52,10,4,24,2003,22,496.0
50,32,1,23,2022,3,483.35
38,10,3,11,2003,22,496.65
49,31,0,18,2023,2,482.0
40,22,3,22,1993,32,494.2
50,32,4,13,2013,12,488.25
20,2,3,22,2018,7,501.7
35,17,3,18,2008,17,495.0
42,23,3,18,1995,30,493.1
59,21,4,23,2022,3,489.35
48,4,5,15,2008,17,499.15
20,2,3,23,1990,35,504.55
57,35,1,22,1994,31,483.8
63,19,4,23,2016,9,489.75
41,18,3,11,2005,20,493.45
49,31,5,23,1995,30,492.55
64,16,4,20,2002,23,491.7
39,21,2,17,2024,1,489.85
40,8,5,22,2008,17,499.9
19,1,1,20,2001,24,500.8
44,1,3,15,2005,20,498.15
59,8,2,18,1999,26,492.3
19,1,2,19,2014,11,500.95
43,25,4,21,2009,16,492.55
34,16,2,24,2020,5,493.1
57,0,1,17,1993,32,494.15
50,24,1,24,2012,13,486.8
26,8,0,23,1991,34,496.95
60,24,1,25,2011,14,484.95
65,38,5,17,1997,28,486.75
56,34,2,11,1996,29,485.05
46,2,1,25,2003,22,495.15
59,36,4,14,1992,33,487.4
43,25,0,12,2005,20,486.5
52,34,2,12,2008,17,484.7
42,24,0,12,2007,18,486.8
41,11,2,14,2005,20,494.2
30,12,4,24,1997,28,500.4
24,6,0,11,2022,3,494.25
53,16,3,25,2001,24,492.75
62,9,5,14,2000,25,495.6
37,11,5,12,1994,31,500.5
18,0,2,15,2016,9,501.05
25,7,3,13,2001,24,500.45
63,18,0,25,2006,19,485.15
33,7,3,22,1995,30,499.9
31,13,3,18,2022,3,495.6
29,11,0,14,1994,31,494.7
40,16,4,11,2017,8,494.55
32,14,3,11,2003,22,496.65
45,27,3,22,1994,31,491.6
51,15,4,20,2022,3,492.6
19,1,3,13,2008,17,502.75
49,7,3,25,2011,14,495.25
40,22,3,19,1994,31,493.95
39,17,5,17,1991,34,498.85
42,24,1,12,2019,6,487.1
39,11,4,25,1993,32,499.35
39,14,3,23,2022,3,493.95
59,25,5,19,2002,23,491.45
23,5,4,20,2009,16,502.5
32,14,2,12,1996,29,495.9
60,31,2,13,2004,21,484.45
54,9,3,21,2012,13,493.35
50,15,5,23,2003,22,496.35
25,6,5,20,2012,13,503.0
61,16,4,24,2008,17,491.9
61,22,4,12,2018,7,488.5
22,4,5,13,2009,16,504.15
56,20,4,16,2018,7,490.3
21,3,5,19,2013,12,504.55
23,5,1,19,2007,18,498.15
62,13,5,17,1999,26,494.65
49,14,2,22,1997,28,492.9
47,6,4,13,2015,10,496.45
64,8,5,14,2018,7,493.7
52,7,5,16,1999,26,498.4
57,22,4,21,2006,19,490.95
33,15,1,15,1991,34,494.55
30,12,1,12,1995,30,495.5
59,30,4,23,1994,31,489.45
47,29,0,16,2017,8,483.5
36,18,4,13,1994,31,497.15
34,16,4,24,2007,18,497.4
36,17,1,18,2015,10,491.1
45,27,1,12,2009,16,486.6
43,16,4,11,2016,9,494.05
54,13,4,19,2001,24,494.65
43,25,4,24,1996,29,494.0
40,22,1,22,1992,33,491.3
26,8,4,13,1999,26,501.65
29,11,4,21,2023,2,498.15
18,0,3,11,2014,11,502.55
18,0,0,17,2024,1,497.35
64,39,2,23,2005,20,481.65
51,25,0,25,1991,34,486.95
49,22,3,20,2013,12,490.3
65,38,2,15,1999,26,481.95
42,14,4,15,2011,14,495.55
57,3,3,24,2015,10,494.4
62,28,4,11,2016,9,486.65
18,0,1,25,2018,7,499.85
33,15,5,25,2009,16,499.25
56,12,3,19,2016,9,491.55
22,4,1,17,2009,16,498.35
39,21,3,18,2008,17,493.0
46,15,3,19,2009,16,493.35
20,1,1,16,2024,1,498.1
29,11,2,22,1991,34,498.4
43,25,0,15,2019,6,485.25
33,15,4,16,2023,2,495.9
54,12,3,21,2011,14,492.55
39,12,4,12,1992,33,498.5
46,17,5,14,1995,30,496.9
31,13,1,13,2004,21,494.15
45,27,4,23,2016,9,490.95
22,4,1,17,1999,26,499.35
64,38,4,19,1998,27,485.45
47,28,0,15,2022,3,483.25
63,28,0,16,2021,4,480.2
22,4,0,20,1995,30,498.4
29,9,0,24,2025,0,492.7
33,15,0,22,1991,34,493.4
43,24,0,22,2018,7,486.0
43,25,1,12,1993,32,489.2
65,19,3,13,1990,35,489.95
38,4,4,13,2008,17,499.55
56,0,0,22,2015,10,490.9
53,29,1,22,2014,11,484.4
50,2,1,25,1999,26,494.75
47,13,1,19,2004,21,491.25
54,29,3,25,2011,14,487.65
40,3,4,17,2010,15,499.45
27,9,3,18,2011,14,498.7
22,4,2,21,2025,0,498.45
53,24,1,20,2023,2,484.9
51,0,2,21,2019,6,494.45
48,14,5,19,2014,11,495.75
27,8,0,16,2017,8,493.8
36,14,0,14,1990,35,492.8
49,23,3,22,1993,32,492.1
18,0,4,11,1996,29,505.85
22,4,2,18,1998,27,501.0
62,36,4,17,2025,0,483.65
21,3,3,12,2008,17,501.7
33,5,0,18,1990,35,496.3
41,23,4,22,1999,26,494.6
33,15,4,15,2025,0,495.65
19,1,0,17,1998,27,499.45
45,12,2,14,2021,4,491.5
49,31,0,15,2021,4,482.05
44,24,4,18,1995,30,493.9
37,6,2,11,2006,19,496.25
41,3,2,11,1999,26,497.05
29,7,0,25,2016,9,494.25
52,19,4,14,2024,1,490.7
50,28,3,13,2010,15,488.25
50,9,4,23,2014,11,495.55
60,33,1,20,2017,8,481.4
54,25,5,22,2004,21,492.4
29,11,3,12,1993,32,499.2
20,2,2,22,2018,7,500.2
18,0,3,13,1998,27,504.25
50,4,2,21,2016,9,493.75
57,4,2,25,2015,10,492.65
27,9,3,25,2008,17,499.35
60,8,2,21,2017,8,490.45
61,34,2,24,2006,19,483.7
46,19,1,21,2009,16,489.25
30,12,4,11,2012,13,498.25
29,11,4,11,2021,4,497.85
48,16,5,16,2022,3,494.2
63,23,5,15,1994,31,491.85
19,1,1,18,2023,2,498.5
52,31,5,12,2000,25,490.9
40,22,3,14,1992,33,493.9
34,16,0,18,2022,3,489.6
43,12,0,22,2000,25,491.4
25,7,0,16,2005,20,495.7
46,8,1,11,2007,18,492.25
43,3,1,25,2019,6,493.85
27,9,2,14,1999,26,498.2
43,25,0,11,2007,18,486.25
51,33,3,23,2008,17,487.25
58,10,5,12,2025,0,493.5
24,6,3,15,2002,23,500.95
21,2,5,24,1992,33,507.2
62,27,0,18,1999,26,483.0
28,10,0,18,1990,35,495.8
46,8,0,21,2016,9,490.35
53,2,1,13,1997,28,493.75
42,24,5,21,2006,19,494.85
38,20,1,23,1998,27,491.75
53,11,1,14,1995,30,491.3
27,8,4,20,2014,11,500.3
54,14,3,21,2017,8,491.35
26,8,3,24,2022,3,498.4
41,23,2,16,1998,27,491.4
52,4,1,21,2007,18,492.75
52,10,5,21,2010,15,496.65
65,33,4,20,1991,34,487.5
53,23,4,13,2025,0,489.15
35,14,3,12,2004,21,496.0
56,37,1,16,2017,8,480.8
49,7,2,21,2007,18,493.95
41,4,1,23,2023,2,493.45
40,22,0,25,2011,14,488.05
49,17,1,15,2000,25,489.85
54,5,0,24,2002,23,491.2
29,11,0,20,1993,32,495.1
30,12,2,15,2011,14,495.55
40,22,5,20,1996,29,496.8
42,4,3,23,2013,12,497.25
52,12,1,15,1993,32,491.45
58,16,0,20,2017,8,485.4
47,29,1,22,2004,21,486.6
34,16,5,15,1990,35,500.15
37,19,3,13,1992,33,495.35
65,2,5,17,2003,22,496.95
42,24,3,16,1990,35,493.2
39,21,4,14,2010,15,494.1
30,12,3,12,2018,7,496.2
36,18,2,22,1994,31,494.6
53,12,5,19,1999,26,496.85
29,11,0,11,2017,8,492.25
58,5,4,23,2010,15,495.55
36,18,2,23,1996,29,494.45
29,11,1,21,1992,33,496.75
26,8,5,25,2009,16,502.75
24,6,0,24,2008,17,496.3
45,27,3,14,2024,1,488.2
31,13,0,11,1993,32,493.65
48,30,1,23,1994,31,487.15
36,12,4,16,1990,35,499.5
64,24,4,14,1993,32,489.9
33,15,5,15,2001,24,499.55
22,4,4,15,2016,9,502.05
52,34,5,19,2012,13,489.15
29,6,5,11,2014,11,501.55
42,4,5,23,2010,15,500.55
38,20,3,12,2013,12,492.7
53,22,2,23,2014,11,488.05
40,9,5,16,2021,4,498.0
33,15,5,15,2021,4,497.55
56,29,2,21,1994,31,487.25
62,38,0,17,2025,0,477.05
59,30,5,13,2005,20,489.35
56,17,3,13,2022,3,489.15
31,13,4,20,2010,15,498.4
48,1,4,12,1998,27,499.4
22,4,1,23,1995,30,500.05
52,12,1,13,2024,1,488.25
40,22,4,20,2011,14,493.8
46,11,4,11,1994,31,497.15
60,38,3,15,2012,13,483.15
28,1,2,24,2006,19,500.2
35,17,1,25,2001,24,493.05
64,12,2,22,2012,13,489.0
29,11,3,15,2005,20,498.15
26,8,4,22,1992,33,502.8
27,9,5,21,2019,6,501.05
61,39,2,17,2011,14,481.35
34,16,4,14,1998,27,497.8
55,33,4,13,2018,7,486.45
24,6,0,11,2012,13,495.25
63,34,2,22,2002,23,483.6
30,5,5,25,2021,4,501.65
57,18,2,18,2012,13,488.4
59,29,4,23,2006,19,488.55
26,6,5,13,2010,15,502.65
44,9,3,23,1991,34,497.55
19,1,0,25,1995,30,500.15
22,4,4,12,2007,18,502.8
46,28,1,21,2019,6,485.55
54,27,1,14,2011,14,484.7
55,14,0,13,2022,3,485.75
36,18,3,23,2019,6,493.65
25,7,4,11,2006,19,501.35
65,28,2,13,2021,4,482.65
62,21,0,22,2003,22,484.6
18,0,3,12,1999,26,504.1
39,19,2,18,2025,0,490.4
34,16,1,16,2023,2,490.9
24,6,1,19,1998,27,498.55
42,3,2,18,2017,8,495.4
62,26,0,20,2000,25,483.3
21,3,1,13,2003,22,499.25
53,11,4,15,2008,17,494.55
23,5,5,17,2004,21,504.35
48,16,2,15,2017,8,490.15
36,9,2,18,2013,12,495.2
61,0,1,22,1997,28,493.2
56,21,0,15,1998,27,485.95
44,25,4,11,2022,3,490.55
27,9,0,15,2022,3,492.95
43,13,3,14,2008,17,494.4
36,18,3,16,1992,33,496.0
56,11,5,13,1999,26,496.25
20,2,1,25,1990,35,501.65
62,34,1,21,2018,7,480.65
30,11,1,15,2023,2,493.15
45,6,5,12,2002,23,499.6
37,19,3,21,1990,35,495.95
45,10,0,16,2023,2,489.0
25,7,5,23,2018,7,502.25
58,5,5,25,2002,23,497.95
56,14,0,22,2018,7,486.4
18,0,1,16,2013,12,499.9
20,2,4,15,2015,10,503.15
30,12,0,16,2006,19,493.1
45,25,3,21,1996,29,491.95
42,24,2,17,2002,23,490.55
50,32,2,22,1994,31,487.6
55,28,5,15,2015,10,489.85
23,3,2,11,1992,33,501.35
61,16,4,18,1996,29,492.8
62,34,1,14,1990,35,483.1
49,12,3,19,2006,19,493.95
62,40,4,24,2014,11,483.9
64,38,3,20,1992,33,484.6
38,14,3,22,2004,21,495.9
33,15,1,16,2018,7,491.9
38,20,5,11,2021,4,494.85
28,10,2,13,2015,10,496.05
54,31,1,13,2005,20,484.05
53,1,4,20,2014,11,497.2
52,13,5,22,2017,8,495.1
36,18,4,22,1998,27,497.2
37,19,5,14,1990,35,498.6
35,10,4,16,2018,7,497.5
64,26,1,25,2011,14,483.55
58,2,5,17,2005,20,498.15
31,13,5,20,1996,29,501.3
32,14,3,14,2003,22,496.8
48,28,3,16,2018,7,488.0
18,0,0,21,2008,17,499.15
20,2,4,11,2008,17,503.65
33,15,3,24,1991,34,498.0
40,19,0,18,2004,21,489.3
28,5,3,17,1992,33,501.55
29,11,4,25,2000,25,500.65
27,4,5,21,2019,6,502.55
49,2,2,21,2007,18,495.45
33,0,4,19,1991,34,503.75
25,7,1,13,2021,4,495.45
55,14,3,12,1997,28,492.7
29,11,3,11,2011,14,497.35
41,23,5,13,1995,30,496.05
45,24,1,15,2001,24,488.45
25,7,5,24,2025,0,501.6
45,11,1,21,2004,21,492.35
53,17,2,12,2017,8,488.7
43,14,3,22,2007,18,494.6
25,7,3,13,1991,34,501.45
45,26,2,25,2002,23,489.75
45,7,0,25,2004,21,492.25
54,24,5,25,2009,16,492.35
58,16,2,14,2018,7,488.0
53,28,5,17,2018,7,490.05
44,7,4,23,1992,33,499.55
34,14,3,13,2008,17,495.85
26,8,5,25,1992,33,504.45
50,6,1,19,2003,22,492.85
37,2,5,18,1993,32,503.6
30,12,4,14,2000,25,499.6
45,23,3,23,2020,5,490.25
65,2,2,11,2021,4,490.35
46,19,4,11,2016,9,492.55
30,12,3,11,2019,6,496.05
63,24,5,11,1991,34,491.65
52,29,0,18,1998,27,484.5
23,5,0,13,2017,8,495.35
35,6,1,25,2020,5,494.45
22,4,3,16,2023,2,499.9
64,19,0,13,2004,21,484.25
42,24,2,21,2014,11,489.55
19,1,3,15,2025,0,501.15
27,9,2,23,1997,28,498.85
47,21,2,25,1998,27,491.25
62,1,0,24,2021,4,488.9
22,4,3,23,2006,19,501.95
50,7,5,25,2024,1,496.75
18,0,4,17,2008,17,504.95
35,12,0,12,2018,7,490.7
49,16,0,16,1996,29,489.1
64,7,5,23,2017,8,494.55
28,10,3,16,1998,27,499.4
38,17,3,21,2017,8,493.65
43,25,2,13,1995,30,490.55
42,17,5,16,2018,7,495.5
39,21,5,20,2006,19,496.3
44,26,3,20,2005,20,490.9
30,12,2,24,2012,13,495.9
50,10,0,15,2020,5,488.25
51,24,1,22,1992,33,488.5
58,32,4,12,2010,15,486.9
52,34,0,19,2015,10,481.35
18,0,3,18,2025,0,501.8
38,7,4,13,2011,14,498.35
65,10,1,18,2001,24,488.8
23,5,1,24,2002,23,498.9
45,23,2,19,2000,25,490.55
34,16,4,24,2005,20,497.6
22,4,2,25,1997,28,501.45
48,11,0,13,1991,34,491.15
22,4,5,13,2019,6,503.15
55,14,5,12,2019,6,493.5
20,2,5,18,2001,24,506.2
40,21,4,20,1999,26,495.3
54,27,5,11,2000,25,491.65
54,19,0,18,2004,21,486.5
27,9,2,17,2005,20,497.75
27,9,4,24,2006,19,501.0
36,18,2,17,2015,10,492.25
34,16,4,13,1991,34,498.45
38,20,2,11,2001,24,492.35
31,1,1,14,2015,10,496.7
26,8,2,19,2012,13,497.65
63,32,5,15,2007,18,487.85
18,0,1,11,2021,4,498.85
62,12,2,25,1992,33,491.55
30,12,4,15,1992,33,500.45
21,3,4,23,2019,6,502.65
18,0,4,18,1990,35,506.8
57,25,3,18,2019,6,487.1
49,21,0,15,2021,4,485.05
51,33,4,22,2017,8,487.8
45,1,1,19,2010,15,494.65
48,30,4,25,2002,23,490.95
25,7,3,11,2016,9,498.85
56,25,5,14,2025,0,489.5
43,14,1,13,1996,29,492.25
51,33,3,12,2011,14,486.4
20,2,5,25,1999,26,506.75
29,10,1,18,2004,21,495.7
18,0,2,17,2004,21,502.35
61,5,0,19,1993,32,490.45
22,4,0,12,2021,4,495.4
47,5,3,24,2012,13,496.1
47,8,5,24,1995,30,499.9
34,16,0,14,2013,12,490.3
65,30,5,24,2009,16,488.3
64,31,5,25,2009,16,488.25
40,22,3,16,2001,24,493.1
32,11,3,21,2022,3,496.15
54,7,3,13,2017,8,493.05
38,7,0,18,1997,28,494.0
31,13,3,13,1990,35,498.55
19,1,0,24,2011,14,498.5
28,6,3,22,1995,30,501.2
56,10,4,23,2010,15,494.45
55,19,5,23,2021,4,492.35
51,15,3,12,2024,1,490.5
55,3,1,23,2004,21,492.85
51,5,5,23,1994,31,500.05
35,17,5,13,1995,30,499.05
47,25,3,21,2014,11,489.75
32,2,2,16,2018,7,497.5
44,26,3,12,1996,29,491.4
51,13,5,18,2002,23,496.6
55,10,1,11,2007,18,489.85
50,17,5,17,1991,34,496.65
41,11,1,12,1997,28,493.4
32,14,0,20,2000,25,492.9
47,11,4,22,2022,3,494.7
59,12,5,16,2016,9,493.8
34,16,3,22,2009,16,495.6
22,4,0,12,2001,24,497.4
46,28,4,12,2020,5,489.5
21,3,3,20,2016,9,501.3
27,9,2,23,2021,4,496.45
34,16,3,18,1999,26,496.4
27,9,1,25,1992,33,497.95
34,5,1,25,2016,9,495.35
37,17,2,22,2024,1,491.7
41,18,0,12,2020,5,487.5
22,4,4,17,2004,21,503.35
51,33,3,13,2005,20,487.05
23,5,1,18,2002,23,498.6
19,1,0,17,2024,1,496.85
30,2,2,24,2000,25,500.1
60,27,5,18,2010,15,489.8
60,9,1,24,2000,25,490.5
65,34,2,17,2019,6,481.25
28,10,3,21,2024,1,497.05
64,14,4,16,2011,14,491.2
40,22,1,23,2020,5,488.55
33,6,1,17,2003,22,496.15
48,11,3,15,2013,12,493.55
28,10,5,17,2021,4,500.15
33,15,0,11,2025,0,489.45
25,7,4,11,2021,4,499.85
21,3,1,19,2004,21,499.45
57,19,4,24,2024,1,490.2
21,3,1,15,1992,33,500.45
42,3,4,23,2005,20,499.85
20,2,2,15,1994,31,502.25
49,19,1,13,2010,15,488.15
20,2,4,15,1999,26,504.75
44,26,0,13,2008,17,485.75
46,28,2,19,2014,11,487.45
49,31,2,19,1993,32,488.05
36,18,0,16,2018,7,488.9
38,20,4,25,2008,17,495.35
22,1,3,11,1991,34,503.75
35,14,0,17,1999,26,492.25
45,27,4,17,2014,11,490.85
59,35,0,24,2009,16,480.5
39,5,0,20,2008,17,493.4
38,20,1,20,2012,13,490.2
23,5,4,14,2013,12,501.8
18,0,3,18,2000,25,504.3
22,4,1,16,2023,2,496.9
58,39,0,14,2017,8,478.2
29,11,5,14,1994,31,502.2
43,14,0,12,1994,31,490.9
63,32,0,24,2010,15,480.5
51,33,4,12,2001,24,488.9
31,13,4,22,1993,32,500.2
43,7,1,24,2009,16,493.6
62,35,3,14,2014,11,483.4
44,26,1,15,2003,22,487.85
26,8,2,18,2000,25,498.8
43,13,0,25,2021,4,489.15
64,13,5,16,2000,25,494.1
39,1,0,24,2007,18,494.9
64,36,0,25,2016,9,478.55
47,4,1,14,2007,18,493.4
60,37,5,23,2012,13,486.85
65,40,5,21,2000,25,486.05
34,13,5,17,2010,15,499.15
43,25,1,18,1994,31,489.4
53,24,0,12,2012,13,484.1
18,0,1,22,2014,11,500.1
25,1,4,17,1999,26,504.15
52,34,4,25,2011,14,488.05
32,5,1,24,2008,17,496.5
64,16,5,12,1990,35,494.0
39,21,0,12,1996,29,489.4
31,13,1,18,1993,32,495.5
43,1,1,12,1990,35,496.7
45,27,1,25,2004,21,487.75
40,22,2,21,2001,24,491.85
31,4,4,19,2011,14,500.95
41,0,5,22,2011,14,501.8
19,1,3,11,2006,19,502.85
62,11,5,25,2018,7,493.75
43,25,3,19,2003,22,491.55
31,13,2,25,2009,16,495.75
24,6,1,11,2022,3,495.75
20,2,2,20,2004,21,501.5
64,9,2,23,2001,24,491.05
40,2,0,20,2009,16,494.0
63,13,4,12,2019,6,490.7
60,15,3,16,1992,33,492.1
64,9,1,16,2017,8,487.6
62,28,3,11,2015,10,485.25
35,9,5,17,2019,6,499.25
55,11,3,18,2002,23,493.4
52,29,5,12,2002,23,491.3
32,14,4,18,1991,34,499.7
42,0,5,19,1991,34,503.45
54,4,3,16,2025,0,493.3
45,19,3,15,2015,10,491.55
27,7,5,22,2000,25,503.6
56,11,2,19,1997,28,492.25
34,0,4,23,2011,14,501.75
56,19,0,22,2009,16,485.8
39,21,1,21,1997,28,491.25
43,25,3,19,2018,7,490.05
61,36,1,11,2015,10,480.05
42,11,0,21,2019,6,489.95
34,16,1,13,2006,19,492.45
30,12,0,19,2009,16,492.95
37,14,5,21,2005,20,498.95
42,5,2,12,1996,29,496.6
21,3,3,22,2005,20,502.5
27,9,0,14,2016,9,493.5
20,1,1,14,2012,13,499.2
58,8,3,12,2013,12,492.3
62,36,2,25,1998,27,483.75
35,17,5,13,2024,1,496.15
64,25,3,23,2009,16,486.95
53,28,0,13,2006,19,483.55
64,0,2,11,2020,5,491.25
39,21,1,16,1997,28,491.0
51,5,2,18,2004,21,494.3
64,36,2,22,2020,5,481.0
25,4,4,13,2019,6,501.05
57,32,2,15,2009,16,484.35
61,13,2,11,2001,24,489.85
36,11,3,20,2006,19,496.9
59,19,1,17,2019,6,485.45
58,23,3,20,2018,7,487.7
54,33,3,23,2008,17,486.65
23,5,0,11,2000,25,496.95
43,25,3,22,2023,2,489.7
51,33,4,21,1996,29,489.85
62,30,4,19,2023,2,485.75
23,5,0,18,2009,16,496.4
54,36,5,17,2013,12,487.95
50,19,1,20,1999,26,489.4
39,21,1,25,2021,4,489.05
38,15,3,17,2004,21,495.35
23,5,3,15,2009,16,500.75
23,5,5,15,1992,33,505.45
65,0,3,21,1997,28,495.35
21,3,1,23,2012,13,498.85
47,28,2,15,2000,25,488.45
28,10,4,11,1997,28,500.75
47,29,2,18,2018,7,486.5
48,4,2,22,2019,6,493.9
41,21,1,21,1999,26,490.65
26,8,2,11,2017,8,496.75
20,0,5,14,2025,0,504.2
48,25,0,25,2002,23,486.45
57,9,3,19,2021,4,491.75
54,29,0,24,2025,0,481.7
53,17,4,19,2015,10,492.25
41,16,3,15,2011,14,493.65
48,25,2,14,1993,32,489.8
23,5,4,13,2020,5,501.05
19,1,3,13,2007,18,502.85
37,11,5,22,2013,12,499.1
45,26,5,15,2012,13,492.75
28,7,5,20,2011,14,502.2
21,3,5,11,1991,34,506.35
32,3,2,15,2020,5,496.95
23,5,0,16,2000,25,497.2
47,0,3,17,2017,8,496.75
55,18,2,22,2021,4,488.1
19,1,5,19,1994,31,507.45
32,14,0,13,1999,26,492.65
28,10,4,25,2013,12,499.85
25,4,4,12,2024,1,500.5
43,25,4,24,2012,13,492.4
62,25,5,13,2006,19,490.15
61,27,4,22,1990,35,490.3
22,1,1,19,2020,5,498.25
23,5,3,22,2020,5,500.0
43,8,3,17,2023,2,494.55
21,3,5,19,1998,27,506.05
36,18,1,23,2011,14,491.45
37,19,2,12,2002,23,492.8
